2026-08-29T17:17:11.813595Z  INFO MapleEMR: MapleEMR is running!
2026-08-29T17:17:11.814265Z  INFO MapleEMR: CARGO_MANIFEST_DIR = C:\uol\csm500-final-project\src\app
2026-08-29T17:17:11.815164Z  INFO MapleEMR: Configuration loaded: C:\uol\csm500-final-project\src\app\config\maple-config.toml
2026-08-29T17:17:11.945016Z  INFO MapleEMR: Database connection established to: postgres://postgres:csm500@localhost:5432/csm500
2026-08-29T17:17:12.004167Z  INFO ort::logging: Discovered OrtHardwareDevice {vendor_id:0x8086, device_id:0x1912, vendor:Intel Corporation, type:1, metadata: [Description=Intel(R) HD Graphics 530, Discrete=0, DxgiAdapterNumber=0, DxgiHighPerformanceIndex=0, DxgiVideoMemory=128 MB, LUID=49304, ]}
2026-08-29T17:17:12.008073Z  INFO ort::logging: Discovered OrtHardwareDevice {vendor_id:0x8086, device_id:0x0, vendor:Intel, type:0, metadata: [Description=Intel(R) Core(TM) i5-6600 CPU @ 3.30GHz, ]}
2026-08-29T17:17:12.008828Z  INFO ort::logging: Session Options {  execution_mode:0 execution_order:DEFAULT enable_profiling:0 optimized_model_filepath: enable_mem_pattern:1 enable_mem_reuse:1 enable_cpu_mem_arena:1 profile_file_prefix:onnxruntime_profile_ session_logid: session_log_severity_level:-1 session_log_verbosity_level:0 max_num_graph_transformation_steps:10 graph_optimization_level:1 intra_op_param:OrtThreadPoolParams { thread_pool_size: 1 auto_set_affinity: 0 allow_spinning: 0 dynamic_block_base_: 0 stack_size: 0 affinity_str:  set_denormal_as_zero: 0 } inter_op_param:OrtThreadPoolParams { thread_pool_size: 0 auto_set_affinity: 0 allow_spinning: 0 dynamic_block_base_: 0 stack_size: 0 affinity_str:  set_denormal_as_zero: 0 } use_per_session_threads:1 thread_pool_allow_spinning:1 use_deterministic_compute:0 ep_selection_policy:5 config_options: {  } }
2026-08-29T17:17:12.008947Z  INFO ort::logging: Flush-to-zero and denormal-as-zero are off
2026-08-29T17:17:12.008967Z  INFO ort::logging: Creating and using per session threadpools since use_per_session_threads_ is true
2026-08-29T17:17:12.009036Z  INFO ort::logging: Dynamic block base set to 0
2026-08-29T17:17:12.101343Z  INFO ort::logging: Initializing session.
2026-08-29T17:17:12.101441Z  INFO ort::logging: Creating BFCArena for Cpu with following configs: initial_chunk_size_bytes: 1048576 max_dead_bytes_per_chunk: 134217728 initial_growth_chunk_size_bytes: 2097152 max_power_of_two_extend_bytes: 1073741824 memory limit: 18446744073709551615 arena_extend_strategy: 0
2026-08-29T17:17:12.108207Z  INFO ort::logging: This model does not have any local functions defined. AOT Inlining is not performed
2026-08-29T17:17:12.132748Z  INFO ort::logging: GraphTransformer EnsureUniqueDQForNodeUnit modified: 0 with status: OK
2026-08-29T17:17:12.133237Z  INFO ort::logging: GraphTransformer Level1_RuleBasedTransformer modified: 0 with status: OK
2026-08-29T17:17:12.133387Z  INFO ort::logging: GraphTransformer DoubleQDQPairsRemover modified: 0 with status: OK
2026-08-29T17:17:12.134920Z  INFO ort::logging: Total shared scalar initializer count: 199
2026-08-29T17:17:12.134954Z  INFO ort::logging: GraphTransformer ConstantSharing modified: 1 with status: OK
2026-08-29T17:17:12.142125Z  INFO ort::logging: GraphTransformer CommonSubexpressionElimination modified: 1 with status: OK
2026-08-29T17:17:12.149288Z  INFO ort::logging: GraphTransformer ConstantFolding modified: 1 with status: OK
2026-08-29T17:17:12.153226Z  INFO ort::logging: Removing initializer '/1/Constant_8_output_0'. It is no longer used by any node.
2026-08-29T17:17:12.153265Z  INFO ort::logging: Removing initializer '/0/auto_model/Shape_2_output_0'. It is no longer used by any node.
2026-08-29T17:17:12.153284Z  INFO ort::logging: Removing initializer '/1/Shape_3_output_0'. It is no longer used by any node.
2026-08-29T17:17:12.153506Z  INFO ort::logging: GraphTransformer MatMulAddFusion modified: 0 with status: OK
2026-08-29T17:17:12.153688Z  INFO ort::logging: Fused reshape node: /0/auto_model/encoder/layer.0/attention/self/Reshape_output_0
2026-08-29T17:17:12.153830Z  INFO ort::logging: Fused reshape node: /0/auto_model/encoder/layer.0/attention/self/Reshape_2_output_0
2026-08-29T17:17:12.153981Z  INFO ort::logging: Fused reshape node: /0/auto_model/encoder/layer.0/attention/self/Reshape_1_output_0
2026-08-29T17:17:12.154068Z  INFO ort::logging: Fused reshape node: /0/auto_model/encoder/layer.0/attention/self/Reshape_3_output_0
2026-08-29T17:17:12.154139Z  INFO ort::logging: Fused reshape node: /0/auto_model/encoder/layer.1/attention/self/Reshape_output_0
2026-08-29T17:17:12.154183Z  INFO ort::logging: Fused reshape node: /0/auto_model/encoder/layer.1/attention/self/Reshape_2_output_0
2026-08-29T17:17:12.154225Z  INFO ort::logging: Fused reshape node: /0/auto_model/encoder/layer.1/attention/self/Reshape_1_output_0
2026-08-29T17:17:12.154281Z  INFO ort::logging: Fused reshape node: /0/auto_model/encoder/layer.1/attention/self/Reshape_3_output_0
2026-08-29T17:17:12.154326Z  INFO ort::logging: Fused reshape node: /0/auto_model/encoder/layer.2/attention/self/Reshape_output_0
2026-08-29T17:17:12.154381Z  INFO ort::logging: Fused reshape node: /0/auto_model/encoder/layer.2/attention/self/Reshape_2_output_0
2026-08-29T17:17:12.154434Z  INFO ort::logging: Fused reshape node: /0/auto_model/encoder/layer.2/attention/self/Reshape_1_output_0
2026-08-29T17:17:12.154480Z  INFO ort::logging: Fused reshape node: /0/auto_model/encoder/layer.2/attention/self/Reshape_3_output_0
2026-08-29T17:17:12.154525Z  INFO ort::logging: Fused reshape node: /0/auto_model/encoder/layer.3/attention/self/Reshape_output_0
2026-08-29T17:17:12.154566Z  INFO ort::logging: Fused reshape node: /0/auto_model/encoder/layer.3/attention/self/Reshape_2_output_0
2026-08-29T17:17:12.154620Z  INFO ort::logging: Fused reshape node: /0/auto_model/encoder/layer.3/attention/self/Reshape_1_output_0
2026-08-29T17:17:12.154677Z  INFO ort::logging: Fused reshape node: /0/auto_model/encoder/layer.3/attention/self/Reshape_3_output_0
2026-08-29T17:17:12.154720Z  INFO ort::logging: Fused reshape node: /0/auto_model/encoder/layer.4/attention/self/Reshape_output_0
2026-08-29T17:17:12.154761Z  INFO ort::logging: Fused reshape node: /0/auto_model/encoder/layer.4/attention/self/Reshape_2_output_0
2026-08-29T17:17:12.154815Z  INFO ort::logging: Fused reshape node: /0/auto_model/encoder/layer.4/attention/self/Reshape_1_output_0
2026-08-29T17:17:12.154860Z  INFO ort::logging: Fused reshape node: /0/auto_model/encoder/layer.4/attention/self/Reshape_3_output_0
2026-08-29T17:17:12.154920Z  INFO ort::logging: Fused reshape node: /0/auto_model/encoder/layer.5/attention/self/Reshape_output_0
2026-08-29T17:17:12.154998Z  INFO ort::logging: Fused reshape node: /0/auto_model/encoder/layer.5/attention/self/Reshape_2_output_0
2026-08-29T17:17:12.155066Z  INFO ort::logging: Fused reshape node: /0/auto_model/encoder/layer.5/attention/self/Reshape_1_output_0
2026-08-29T17:17:12.156555Z  INFO ort::logging: Fused reshape node: /0/auto_model/encoder/layer.5/attention/self/Reshape_3_output_0
2026-08-29T17:17:12.156669Z  INFO ort::logging: Total fused reshape node count: 24
2026-08-29T17:17:12.156695Z  INFO ort::logging: GraphTransformer ReshapeFusion modified: 1 with status: OK
2026-08-29T17:17:12.160902Z  INFO ort::logging: Removing initializer '/0/auto_model/encoder/layer.4/attention/self/Constant_11_output_0'. It is no longer used by any node.
2026-08-29T17:17:12.160964Z  INFO ort::logging: Removing initializer '/0/auto_model/encoder/layer.4/attention/self/Constant_6_output_0'. It is no longer used by any node.
2026-08-29T17:17:12.160998Z  INFO ort::logging: Removing initializer '/0/auto_model/encoder/layer.0/attention/self/Constant_15_output_0'. It is no longer used by any node.
2026-08-29T17:17:12.161099Z  INFO ort::logging: GraphTransformer FreeDimensionOverrideTransformer modified: 0 with status: OK
2026-08-29T17:17:12.161139Z  INFO ort::logging: GraphTransformer GeluFusionL1 modified: 0 with status: OK
2026-08-29T17:17:12.161169Z  INFO ort::logging: GraphTransformer LayerNormFusionL1 modified: 0 with status: OK
2026-08-29T17:17:12.161330Z  INFO ort::logging: GraphTransformer QDQPropagationTransformer modified: 0 with status: OK
2026-08-29T17:17:12.161498Z  INFO ort::logging: GraphTransformer WeightBiasQuantization modified: 0 with status: OK
2026-08-29T17:17:12.161611Z  INFO ort::logging: GraphTransformer EnsureUniqueDQForNodeUnit modified: 0 with status: OK
2026-08-29T17:17:12.161708Z  INFO ort::logging: GraphTransformer WhereDummyDq modified: 0 with status: OK
2026-08-29T17:17:12.162356Z  INFO ort::logging: GraphTransformer TransposeOptimizer modified: 0 with status: OK
2026-08-29T17:17:12.162595Z  INFO ort::logging: GraphTransformer Level1_RuleBasedTransformer modified: 0 with status: OK
2026-08-29T17:17:12.162696Z  INFO ort::logging: GraphTransformer DoubleQDQPairsRemover modified: 0 with status: OK
2026-08-29T17:17:12.163092Z  INFO ort::logging: GraphTransformer CommonSubexpressionElimination modified: 0 with status: OK
2026-08-29T17:17:12.163322Z  INFO ort::logging: GraphTransformer ConstantFolding modified: 0 with status: OK
2026-08-29T17:17:12.163470Z  INFO ort::logging: GraphTransformer MatMulAddFusion modified: 0 with status: OK
2026-08-29T17:17:12.163565Z  INFO ort::logging: GraphTransformer ReshapeFusion modified: 0 with status: OK
2026-08-29T17:17:12.163586Z  INFO ort::logging: GraphTransformer FreeDimensionOverrideTransformer modified: 0 with status: OK
2026-08-29T17:17:12.163603Z  INFO ort::logging: GraphTransformer GeluFusionL1 modified: 0 with status: OK
2026-08-29T17:17:12.163618Z  INFO ort::logging: GraphTransformer LayerNormFusionL1 modified: 0 with status: OK
2026-08-29T17:17:12.163711Z  INFO ort::logging: GraphTransformer QDQPropagationTransformer modified: 0 with status: OK
2026-08-29T17:17:12.163796Z  INFO ort::logging: GraphTransformer WeightBiasQuantization modified: 0 with status: OK
2026-08-29T17:17:12.163886Z  INFO ort::logging: GraphTransformer EnsureUniqueDQForNodeUnit modified: 0 with status: OK
2026-08-29T17:17:12.163973Z  INFO ort::logging: GraphTransformer WhereDummyDq modified: 0 with status: OK
2026-08-29T17:17:12.169639Z  INFO ort::logging: Running graph optimizations in loop 1 time/s (Graph Optimizations Loop Level : 1)
2026-08-29T17:17:12.170075Z  INFO ort::logging: GraphTransformer RemoveDuplicateCastTransformer modified: 0 with status: OK
2026-08-29T17:17:12.170100Z  INFO ort::logging: GraphTransformer CastFloat16Transformer modified: 0 with status: OK
2026-08-29T17:17:12.170134Z  INFO ort::logging: GraphTransformer MemcpyTransformer modified: 0 with status: OK
2026-08-29T17:17:12.177784Z  INFO ort::logging: Use DeviceBasedPartition as default
2026-08-29T17:17:12.218845Z  INFO ort::logging: Saving initialized tensors.
2026-08-29T17:17:12.218966Z  INFO ort::logging: Reserving memory in BFCArena for Cpu size: 32
2026-08-29T17:17:12.219011Z  INFO ort::logging: Reserving memory in BFCArena for Cpu size: 32
2026-08-29T17:17:12.219035Z  INFO ort::logging: Reserving memory in BFCArena for Cpu size: 4
2026-08-29T17:17:12.219058Z  INFO ort::logging: Reserving memory in BFCArena for Cpu size: 4
2026-08-29T17:17:12.219091Z  INFO ort::logging: Reserving memory in BFCArena for Cpu size: 32
2026-08-29T17:17:12.219120Z  INFO ort::logging: Reserving memory in BFCArena for Cpu size: 4
2026-08-29T17:17:12.219182Z  INFO ort::logging: Reserving memory in BFCArena for Cpu size: 4
2026-08-29T17:17:12.219204Z  INFO ort::logging: Reserving memory in BFCArena for Cpu size: 8
2026-08-29T17:17:12.219228Z  INFO ort::logging: Reserving memory in BFCArena for Cpu size: 24
2026-08-29T17:17:12.219256Z  INFO ort::logging: Reserving memory in BFCArena for Cpu size: 32
2026-08-29T17:17:12.219281Z  INFO ort::logging: Reserving memory in BFCArena for Cpu size: 4
2026-08-29T17:17:12.219309Z  INFO ort::logging: Reserving memory in BFCArena for Cpu size: 32
2026-08-29T17:17:12.219335Z  INFO ort::logging: Reserving memory in BFCArena for Cpu size: 32
2026-08-29T17:17:12.219358Z  INFO ort::logging: Reserving memory in BFCArena for Cpu size: 24
2026-08-29T17:17:12.219380Z  INFO ort::logging: Reserving memory in BFCArena for Cpu size: 24
2026-08-29T17:17:12.219409Z  INFO ort::logging: Reserving memory in BFCArena for Cpu size: 32
2026-08-29T17:17:12.219437Z  INFO ort::logging: Reserving memory in BFCArena for Cpu size: 32
2026-08-29T17:17:12.219462Z  INFO ort::logging: Reserving memory in BFCArena for Cpu size: 32
2026-08-29T17:17:12.219481Z  INFO ort::logging: Reserving memory in BFCArena for Cpu size: 8
2026-08-29T17:17:12.219511Z  INFO ort::logging: Reserving memory in BFCArena for Cpu size: 8
2026-08-29T17:17:12.219529Z  INFO ort::logging: Reserving memory in BFCArena for Cpu size: 8
2026-08-29T17:17:12.219550Z  INFO ort::logging: Reserving memory in BFCArena for Cpu size: 32
2026-08-29T17:17:12.219571Z  INFO ort::logging: Reserving memory in BFCArena for Cpu size: 24
2026-08-29T17:17:12.219602Z  INFO ort::logging: Reserving memory in BFCArena for Cpu size: 8
2026-08-29T17:17:12.219622Z  INFO ort::logging: Reserving memory in BFCArena for Cpu size: 32
2026-08-29T17:17:12.219642Z  INFO ort::logging: Reserving memory in BFCArena for Cpu size: 4
2026-08-29T17:17:12.219665Z  INFO ort::logging: Reserving memory in BFCArena for Cpu size: 24
2026-08-29T17:17:12.219692Z  INFO ort::logging: Reserving memory in BFCArena for Cpu size: 4
2026-08-29T17:17:12.219712Z  INFO ort::logging: Reserving memory in BFCArena for Cpu size: 24
2026-08-29T17:17:12.219736Z  INFO ort::logging: Reserving memory in BFCArena for Cpu size: 8
2026-08-29T17:17:12.219755Z  INFO ort::logging: Reserving memory in BFCArena for Cpu size: 32
2026-08-29T17:17:12.219774Z  INFO ort::logging: Reserving memory in BFCArena for Cpu size: 16
2026-08-29T17:17:12.219793Z  INFO ort::logging: Reserving memory in BFCArena for Cpu size: 32
2026-08-29T17:17:12.219818Z  INFO ort::logging: Reserving memory in BFCArena for Cpu size: 32
2026-08-29T17:17:12.219839Z  INFO ort::logging: Reserving memory in BFCArena for Cpu size: 8
2026-08-29T17:17:12.219857Z  INFO ort::logging: Reserving memory in BFCArena for Cpu size: 4
2026-08-29T17:17:12.219876Z  INFO ort::logging: Reserving memory in BFCArena for Cpu size: 16
2026-08-29T17:17:12.219901Z  INFO ort::logging: Reserving memory in BFCArena for Cpu size: 24
2026-08-29T17:17:12.219924Z  INFO ort::logging: Reserving memory in BFCArena for Cpu size: 24
2026-08-29T17:17:12.219946Z  INFO ort::logging: Reserving memory in BFCArena for Cpu size: 32
2026-08-29T17:17:12.219965Z  INFO ort::logging: Reserving memory in BFCArena for Cpu size: 32
2026-08-29T17:17:12.219983Z  INFO ort::logging: Reserving memory in BFCArena for Cpu size: 32
2026-08-29T17:17:12.220004Z  INFO ort::logging: Reserving memory in BFCArena for Cpu size: 32
2026-08-29T17:17:12.220024Z  INFO ort::logging: Done saving initialized tensors
2026-08-29T17:17:12.220715Z  INFO ort::logging: Reserving memory in BFCArena for Cpu size: 589824
2026-08-29T17:17:12.220972Z  INFO ort::logging: Reserving memory in BFCArena for Cpu size: 589824
2026-08-29T17:17:12.221190Z  INFO ort::logging: Reserving memory in BFCArena for Cpu size: 589824
2026-08-29T17:17:12.221415Z  INFO ort::logging: Reserving memory in BFCArena for Cpu size: 589824
2026-08-29T17:17:12.221635Z  INFO ort::logging: Reserving memory in BFCArena for Cpu size: 2359296
2026-08-29T17:17:12.224506Z  INFO ort::logging: Reserving memory in BFCArena for Cpu size: 2359296
2026-08-29T17:17:12.226196Z  INFO ort::logging: Reserving memory in BFCArena for Cpu size: 589824
2026-08-29T17:17:12.226507Z  INFO ort::logging: Reserving memory in BFCArena for Cpu size: 589824
2026-08-29T17:17:12.226813Z  INFO ort::logging: Reserving memory in BFCArena for Cpu size: 589824
2026-08-29T17:17:12.227068Z  INFO ort::logging: Reserving memory in BFCArena for Cpu size: 589824
2026-08-29T17:17:12.227366Z  INFO ort::logging: Reserving memory in BFCArena for Cpu size: 2359296
2026-08-29T17:17:12.229007Z  INFO ort::logging: Reserving memory in BFCArena for Cpu size: 2359296
2026-08-29T17:17:12.230961Z  INFO ort::logging: Reserving memory in BFCArena for Cpu size: 589824
2026-08-29T17:17:12.231234Z  INFO ort::logging: Reserving memory in BFCArena for Cpu size: 589824
2026-08-29T17:17:12.231512Z  INFO ort::logging: Reserving memory in BFCArena for Cpu size: 589824
2026-08-29T17:17:12.231793Z  INFO ort::logging: Reserving memory in BFCArena for Cpu size: 589824
2026-08-29T17:17:12.232114Z  INFO ort::logging: Reserving memory in BFCArena for Cpu size: 2359296
2026-08-29T17:17:12.233725Z  INFO ort::logging: Reserving memory in BFCArena for Cpu size: 2359296
2026-08-29T17:17:12.235303Z  INFO ort::logging: Reserving memory in BFCArena for Cpu size: 589824
2026-08-29T17:17:12.235558Z  INFO ort::logging: Reserving memory in BFCArena for Cpu size: 589824
2026-08-29T17:17:12.235801Z  INFO ort::logging: Reserving memory in BFCArena for Cpu size: 589824
2026-08-29T17:17:12.236103Z  INFO ort::logging: Reserving memory in BFCArena for Cpu size: 589824
2026-08-29T17:17:12.236350Z  INFO ort::logging: Reserving memory in BFCArena for Cpu size: 2359296
2026-08-29T17:17:12.237934Z  INFO ort::logging: Reserving memory in BFCArena for Cpu size: 2359296
2026-08-29T17:17:12.240813Z  INFO ort::logging: Reserving memory in BFCArena for Cpu size: 589824
2026-08-29T17:17:12.241087Z  INFO ort::logging: Reserving memory in BFCArena for Cpu size: 589824
2026-08-29T17:17:12.241315Z  INFO ort::logging: Reserving memory in BFCArena for Cpu size: 589824
2026-08-29T17:17:12.241542Z  INFO ort::logging: Reserving memory in BFCArena for Cpu size: 589824
2026-08-29T17:17:12.241760Z  INFO ort::logging: Reserving memory in BFCArena for Cpu size: 2359296
2026-08-29T17:17:12.243219Z  INFO ort::logging: Reserving memory in BFCArena for Cpu size: 2359296
2026-08-29T17:17:12.244579Z  INFO ort::logging: Reserving memory in BFCArena for Cpu size: 589824
2026-08-29T17:17:12.244828Z  INFO ort::logging: Reserving memory in BFCArena for Cpu size: 589824
2026-08-29T17:17:12.245052Z  INFO ort::logging: Reserving memory in BFCArena for Cpu size: 589824
2026-08-29T17:17:12.245285Z  INFO ort::logging: Reserving memory in BFCArena for Cpu size: 589824
2026-08-29T17:17:12.245507Z  INFO ort::logging: Reserving memory in BFCArena for Cpu size: 2359296
2026-08-29T17:17:12.247025Z  INFO ort::logging: Reserving memory in BFCArena for Cpu size: 2359296
2026-08-29T17:17:12.249159Z  INFO ort::logging: Session successfully initialized.
2026-08-29T17:17:12.249922Z  INFO actix_server::builder: starting 4 workers
2026-08-29T17:17:12.250089Z  INFO actix_server::server: Tokio runtime found; starting in existing Tokio runtime
2026-08-29T17:17:12.250125Z  INFO actix_server::server: starting service: "actix-web-service-127.0.0.1:8000", workers: 4, listening on: 127.0.0.1:8000
2026-08-29T17:17:12.250632Z  INFO MapleEMR: >get_application_secret_key()
2026-08-29T17:17:12.250921Z DEBUG MapleEMR::ui::tile_factory: >WebContentFactory:new() : Attempting read of: C:\uol\csm500-final-project\src\app\webc\static\LoginTile.htl
2026-08-29T17:17:12.254029Z  INFO MapleEMR: >get_application_secret_key()
2026-08-29T17:17:12.254094Z DEBUG MapleEMR::ui::tile_factory: >WebContentFactory:new() : Attempting read of: C:\uol\csm500-final-project\src\app\webc\static\LoginTile.htl
2026-08-29T17:17:12.256776Z  INFO MapleEMR: >get_application_secret_key()
2026-08-29T17:17:12.256882Z DEBUG MapleEMR::ui::tile_factory: >WebContentFactory:new() : Attempting read of: C:\uol\csm500-final-project\src\app\webc\static\LoginTile.htl
2026-08-29T17:17:12.258649Z  INFO MapleEMR: >get_application_secret_key()
2026-08-29T17:17:12.258718Z DEBUG MapleEMR::ui::tile_factory: >WebContentFactory:new() : Attempting read of: C:\uol\csm500-final-project\src\app\webc\static\LoginTile.htl
2026-08-29T17:17:18.815604Z DEBUG MapleEMR::route::default_route: -> /default_route Requested
2026-08-29T17:17:18.815748Z DEBUG MapleEMR::route::default_route: Checking session for Validation errors
2026-08-29T17:17:18.815826Z DEBUG MapleEMR::route::default_route: Ok( None ) No active session
2026-08-29T17:17:24.112401Z DEBUG MapleEMR::route::login_route: -> /login Requested
2026-08-29T17:17:24.112587Z DEBUG MapleEMR::dao::auth_dao: Query: SELECT id, name, username, email, created_timestamp, password FROM USERS WHERE USERNAME = 'chath' AND PASSWORD = 'nurse1'
2026-08-29T17:17:24.132302Z DEBUG sqlx::query: summary="SELECT id, name, username, …" db.statement="\n\nSELECT id, name, username, email, created_timestamp, password FROM USERS WHERE USERNAME = 'chath' AND PASSWORD = 'nurse1'\n" rows_affected=1 rows_returned=1 elapsed=18.5224ms elapsed_secs=0.0185224
2026-08-29T17:17:24.132727Z DEBUG MapleEMR::dao::auth_dao: Successful login (results found) for: chath
2026-08-29T17:17:24.132953Z DEBUG MapleEMR::route::login_route: User can login: chath redirect to /home
2026-08-29T17:17:24.133037Z DEBUG MapleEMR::dao::auth_dao: get_user_permissions Query: SELECT department_id, permission_id FROM public.user_permission where active_flag = 'Y' and users_id = 2 group by department_id, permission_id order by permission_id
2026-08-29T17:17:24.260894Z DEBUG sqlx::query: summary="SELECT department_id, permission_id FROM …" db.statement="\n\nSELECT department_id, permission_id FROM public.user_permission where active_flag = 'Y' and users_id = 2 group by department_id, permission_id order by permission_id\n" rows_affected=12 rows_returned=12 elapsed=5.9196ms elapsed_secs=0.0059196
2026-08-29T17:17:24.266644Z DEBUG MapleEMR::route::home_route: -> /home Route Requested
2026-08-29T17:17:24.266796Z DEBUG MapleEMR::dao::patient_dao: >get_patients_at_users_site_no_discharge() Query: SELECT p.id, e.id, e.location_id, legal_first_name, legal_last_name, COALESCE(legal_middle_names, '') as "legal_middle_names",
                                        COALESCE(admit_notes, '') as "admit_notes", COALESCE(discharge_notes, '') as "discharge_notes",
                                        birthdate, admit_timestamp,
                                        discharge_timestamp as "discharge_timestamp?",
                                        phn, l2.short_name "location_short_name"
                                    FROM patient p
                                    join encounter e on p.id = e.patient_id
									join location l2 on l2.id = e.location_id
                                    where discharge_timestamp is null
                                      and location_id in (
                                        select l.id
                                        from location l
                                        where site_id in (
                                        select site_id
                                        from user_permission up
                                        where users_id = 2
                                            and up.site_id = l.site_id)  )
2026-08-29T17:17:24.278792Z DEBUG sqlx::query: summary="SELECT p.id, e.id, e.location_id, …" db.statement="\n\nSELECT p.id, e.id, e.location_id, legal_first_name, legal_last_name, COALESCE(legal_middle_names, '') as \"legal_middle_names\",\n                                        COALESCE(admit_notes, '') as \"admit_notes\", COALESCE(discharge_notes, '') as \"discharge_notes\",\n                                        birthdate, admit_timestamp,\n                                        discharge_timestamp as \"discharge_timestamp?\",\n                                        phn, l2.short_name \"location_short_name\"\n                                    FROM patient p\n                                    join encounter e on p.id = e.patient_id\n\t\t\t\t\t\t\t\t\tjoin location l2 on l2.id = e.location_id\n                                    where discharge_timestamp is null\n                                      and location_id in (\n                                        select l.id\n                                        from location l\n                                        where site_id in (\n                                        select site_id\n                                        from user_permission up\n                                        where users_id = 2\n                                            and up.site_id = l.site_id)  )\n" rows_affected=7 rows_returned=7 elapsed=11.6643ms elapsed_secs=0.0116643
2026-08-29T17:17:24.278888Z DEBUG MapleEMR::route::home_route: Retrieved 7 patients:
2026-08-29T17:17:24.286993Z DEBUG sqlx::query: summary="select e.id \"encounter_id\", admit_timestamp, …" db.statement="\n\n\n                                    select e.id \"encounter_id\", admit_timestamp,\n                                        discharge_timestamp as \"discharge_timestamp?\",\n                                        COALESCE(admit_notes, '') as \"admit_notes\",\n                                        COALESCE(discharge_notes, '') as \"discharge_notes\",\n                                        s.name \"encounter_site_name\",\n                                        l.short_name \"room_identifier\",\n                                        'Y' as \"current_encounter\"\n                                    from encounter e\n                                    join location l on e.location_id = l.id\n                                    join site s on s.id = l.site_id\n                                    where patient_id = 1\n                                      and discharge_timestamp is null\n                                      limit 1\n                                    \n" rows_affected=1 rows_returned=1 elapsed=7.6727ms elapsed_secs=0.0076727
2026-08-29T17:17:24.292506Z DEBUG sqlx::query: summary="SELECT i.id intervention_id, encounter_id, …" db.statement="\n\n\n                                SELECT i.id intervention_id, encounter_id, i.description, i.notes, location_id, users_id,\n                                    intervention_type_id, status_id,\n                                    l.room_identifier,\n                                    ref1.name \"intervention_type\", \n                                    ref2.name \"status\", i.scheduled_timestamp, i.performed_timestamp\n                                FROM intervention i\n                                join location l on  l.id = i.location_id\n                                join common_reference_type ref1 on i.intervention_type_id = ref1.id\n                                join common_reference_type ref2 on i.status_id = ref2.id \n                                where i.encounter_id = 1\n                                  AND i.intervention_type_id = 38\n                                ORDER BY i.id DESC LIMIT 1\n                                                \n" rows_affected=1 rows_returned=1 elapsed=5.0717ms elapsed_secs=0.0050717
2026-08-29T17:17:24.293834Z DEBUG sqlx::query: summary="select e.id \"encounter_id\", admit_timestamp, …" db.statement="\n\n\n                                    select e.id \"encounter_id\", admit_timestamp,\n                                        discharge_timestamp as \"discharge_timestamp?\",\n                                        COALESCE(admit_notes, '') as \"admit_notes\",\n                                        COALESCE(discharge_notes, '') as \"discharge_notes\",\n                                        s.name \"encounter_site_name\",\n                                        l.short_name \"room_identifier\",\n                                        'Y' as \"current_encounter\"\n                                    from encounter e\n                                    join location l on e.location_id = l.id\n                                    join site s on s.id = l.site_id\n                                    where patient_id = 2\n                                      and discharge_timestamp is null\n                                      limit 1\n                                    \n" rows_affected=1 rows_returned=1 elapsed=840.3µs elapsed_secs=0.0008403
2026-08-29T17:17:24.295254Z DEBUG sqlx::query: summary="SELECT i.id intervention_id, encounter_id, …" db.statement="\n\n\n                                SELECT i.id intervention_id, encounter_id, i.description, i.notes, location_id, users_id,\n                                    intervention_type_id, status_id,\n                                    l.room_identifier,\n                                    ref1.name \"intervention_type\", \n                                    ref2.name \"status\", i.scheduled_timestamp, i.performed_timestamp\n                                FROM intervention i\n                                join location l on  l.id = i.location_id\n                                join common_reference_type ref1 on i.intervention_type_id = ref1.id\n                                join common_reference_type ref2 on i.status_id = ref2.id \n                                where i.encounter_id = 2\n                                  AND i.intervention_type_id = 38\n                                ORDER BY i.id DESC LIMIT 1\n                                                \n" rows_affected=1 rows_returned=1 elapsed=1.0793ms elapsed_secs=0.0010793
2026-08-29T17:17:24.296510Z DEBUG sqlx::query: summary="select e.id \"encounter_id\", admit_timestamp, …" db.statement="\n\n\n                                    select e.id \"encounter_id\", admit_timestamp,\n                                        discharge_timestamp as \"discharge_timestamp?\",\n                                        COALESCE(admit_notes, '') as \"admit_notes\",\n                                        COALESCE(discharge_notes, '') as \"discharge_notes\",\n                                        s.name \"encounter_site_name\",\n                                        l.short_name \"room_identifier\",\n                                        'Y' as \"current_encounter\"\n                                    from encounter e\n                                    join location l on e.location_id = l.id\n                                    join site s on s.id = l.site_id\n                                    where patient_id = 3\n                                      and discharge_timestamp is null\n                                      limit 1\n                                    \n" rows_affected=1 rows_returned=1 elapsed=862.8µs elapsed_secs=0.0008628
2026-08-29T17:17:24.298117Z DEBUG sqlx::query: summary="SELECT i.id intervention_id, encounter_id, …" db.statement="\n\n\n                                SELECT i.id intervention_id, encounter_id, i.description, i.notes, location_id, users_id,\n                                    intervention_type_id, status_id,\n                                    l.room_identifier,\n                                    ref1.name \"intervention_type\", \n                                    ref2.name \"status\", i.scheduled_timestamp, i.performed_timestamp\n                                FROM intervention i\n                                join location l on  l.id = i.location_id\n                                join common_reference_type ref1 on i.intervention_type_id = ref1.id\n                                join common_reference_type ref2 on i.status_id = ref2.id \n                                where i.encounter_id = 3\n                                  AND i.intervention_type_id = 38\n                                ORDER BY i.id DESC LIMIT 1\n                                                \n" rows_affected=1 rows_returned=1 elapsed=1.2432ms elapsed_secs=0.0012432
2026-08-29T17:17:24.299325Z DEBUG sqlx::query: summary="select e.id \"encounter_id\", admit_timestamp, …" db.statement="\n\n\n                                    select e.id \"encounter_id\", admit_timestamp,\n                                        discharge_timestamp as \"discharge_timestamp?\",\n                                        COALESCE(admit_notes, '') as \"admit_notes\",\n                                        COALESCE(discharge_notes, '') as \"discharge_notes\",\n                                        s.name \"encounter_site_name\",\n                                        l.short_name \"room_identifier\",\n                                        'Y' as \"current_encounter\"\n                                    from encounter e\n                                    join location l on e.location_id = l.id\n                                    join site s on s.id = l.site_id\n                                    where patient_id = 5\n                                      and discharge_timestamp is null\n                                      limit 1\n                                    \n" rows_affected=1 rows_returned=1 elapsed=850.6µs elapsed_secs=0.0008506
2026-08-29T17:17:24.300838Z DEBUG sqlx::query: summary="SELECT i.id intervention_id, encounter_id, …" db.statement="\n\n\n                                SELECT i.id intervention_id, encounter_id, i.description, i.notes, location_id, users_id,\n                                    intervention_type_id, status_id,\n                                    l.room_identifier,\n                                    ref1.name \"intervention_type\", \n                                    ref2.name \"status\", i.scheduled_timestamp, i.performed_timestamp\n                                FROM intervention i\n                                join location l on  l.id = i.location_id\n                                join common_reference_type ref1 on i.intervention_type_id = ref1.id\n                                join common_reference_type ref2 on i.status_id = ref2.id \n                                where i.encounter_id = 10\n                                  AND i.intervention_type_id = 38\n                                ORDER BY i.id DESC LIMIT 1\n                                                \n" rows_affected=0 rows_returned=0 elapsed=1.0835ms elapsed_secs=0.0010835
2026-08-29T17:17:24.300921Z DEBUG MapleEMR::dao::intervention_dao: No Interventions found for encounter_id: 10 [count=0]
2026-08-29T17:17:24.302289Z DEBUG sqlx::query: summary="select e.id \"encounter_id\", admit_timestamp, …" db.statement="\n\n\n                                    select e.id \"encounter_id\", admit_timestamp,\n                                        discharge_timestamp as \"discharge_timestamp?\",\n                                        COALESCE(admit_notes, '') as \"admit_notes\",\n                                        COALESCE(discharge_notes, '') as \"discharge_notes\",\n                                        s.name \"encounter_site_name\",\n                                        l.short_name \"room_identifier\",\n                                        'Y' as \"current_encounter\"\n                                    from encounter e\n                                    join location l on e.location_id = l.id\n                                    join site s on s.id = l.site_id\n                                    where patient_id = 25\n                                      and discharge_timestamp is null\n                                      limit 1\n                                    \n" rows_affected=1 rows_returned=1 elapsed=1.0652ms elapsed_secs=0.0010652
2026-08-29T17:17:24.303936Z DEBUG sqlx::query: summary="SELECT i.id intervention_id, encounter_id, …" db.statement="\n\n\n                                SELECT i.id intervention_id, encounter_id, i.description, i.notes, location_id, users_id,\n                                    intervention_type_id, status_id,\n                                    l.room_identifier,\n                                    ref1.name \"intervention_type\", \n                                    ref2.name \"status\", i.scheduled_timestamp, i.performed_timestamp\n                                FROM intervention i\n                                join location l on  l.id = i.location_id\n                                join common_reference_type ref1 on i.intervention_type_id = ref1.id\n                                join common_reference_type ref2 on i.status_id = ref2.id \n                                where i.encounter_id = 11\n                                  AND i.intervention_type_id = 38\n                                ORDER BY i.id DESC LIMIT 1\n                                                \n" rows_affected=0 rows_returned=0 elapsed=1.2491ms elapsed_secs=0.0012491
2026-08-29T17:17:24.304012Z DEBUG MapleEMR::dao::intervention_dao: No Interventions found for encounter_id: 11 [count=0]
2026-08-29T17:17:24.305579Z DEBUG sqlx::query: summary="select e.id \"encounter_id\", admit_timestamp, …" db.statement="\n\n\n                                    select e.id \"encounter_id\", admit_timestamp,\n                                        discharge_timestamp as \"discharge_timestamp?\",\n                                        COALESCE(admit_notes, '') as \"admit_notes\",\n                                        COALESCE(discharge_notes, '') as \"discharge_notes\",\n                                        s.name \"encounter_site_name\",\n                                        l.short_name \"room_identifier\",\n                                        'Y' as \"current_encounter\"\n                                    from encounter e\n                                    join location l on e.location_id = l.id\n                                    join site s on s.id = l.site_id\n                                    where patient_id = 26\n                                      and discharge_timestamp is null\n                                      limit 1\n                                    \n" rows_affected=1 rows_returned=1 elapsed=1.1703ms elapsed_secs=0.0011703
2026-08-29T17:17:24.307303Z DEBUG sqlx::query: summary="SELECT i.id intervention_id, encounter_id, …" db.statement="\n\n\n                                SELECT i.id intervention_id, encounter_id, i.description, i.notes, location_id, users_id,\n                                    intervention_type_id, status_id,\n                                    l.room_identifier,\n                                    ref1.name \"intervention_type\", \n                                    ref2.name \"status\", i.scheduled_timestamp, i.performed_timestamp\n                                FROM intervention i\n                                join location l on  l.id = i.location_id\n                                join common_reference_type ref1 on i.intervention_type_id = ref1.id\n                                join common_reference_type ref2 on i.status_id = ref2.id \n                                where i.encounter_id = 12\n                                  AND i.intervention_type_id = 38\n                                ORDER BY i.id DESC LIMIT 1\n                                                \n" rows_affected=0 rows_returned=0 elapsed=1.2137ms elapsed_secs=0.0012137
2026-08-29T17:17:24.307429Z DEBUG MapleEMR::dao::intervention_dao: No Interventions found for encounter_id: 12 [count=0]
2026-08-29T17:17:24.308909Z DEBUG sqlx::query: summary="select e.id \"encounter_id\", admit_timestamp, …" db.statement="\n\n\n                                    select e.id \"encounter_id\", admit_timestamp,\n                                        discharge_timestamp as \"discharge_timestamp?\",\n                                        COALESCE(admit_notes, '') as \"admit_notes\",\n                                        COALESCE(discharge_notes, '') as \"discharge_notes\",\n                                        s.name \"encounter_site_name\",\n                                        l.short_name \"room_identifier\",\n                                        'Y' as \"current_encounter\"\n                                    from encounter e\n                                    join location l on e.location_id = l.id\n                                    join site s on s.id = l.site_id\n                                    where patient_id = 27\n                                      and discharge_timestamp is null\n                                      limit 1\n                                    \n" rows_affected=1 rows_returned=1 elapsed=962.9µs elapsed_secs=0.0009629
2026-08-29T17:17:24.310384Z DEBUG sqlx::query: summary="SELECT i.id intervention_id, encounter_id, …" db.statement="\n\n\n                                SELECT i.id intervention_id, encounter_id, i.description, i.notes, location_id, users_id,\n                                    intervention_type_id, status_id,\n                                    l.room_identifier,\n                                    ref1.name \"intervention_type\", \n                                    ref2.name \"status\", i.scheduled_timestamp, i.performed_timestamp\n                                FROM intervention i\n                                join location l on  l.id = i.location_id\n                                join common_reference_type ref1 on i.intervention_type_id = ref1.id\n                                join common_reference_type ref2 on i.status_id = ref2.id \n                                where i.encounter_id = 13\n                                  AND i.intervention_type_id = 38\n                                ORDER BY i.id DESC LIMIT 1\n                                                \n" rows_affected=0 rows_returned=0 elapsed=1.0908ms elapsed_secs=0.0010908
2026-08-29T17:17:24.310496Z DEBUG MapleEMR::dao::intervention_dao: No Interventions found for encounter_id: 13 [count=0]
2026-08-29T17:17:25.835672Z DEBUG MapleEMR::route::patient_route: -> /patientdtls Route Requested
2026-08-29T17:17:25.836545Z DEBUG sqlx::query: summary="select e.id \"encounter_id\", admit_timestamp, …" db.statement="\n\n\n                                    select e.id \"encounter_id\", admit_timestamp,\n                                        discharge_timestamp as \"discharge_timestamp?\",\n                                        COALESCE(admit_notes, '') as \"admit_notes\",\n                                        COALESCE(discharge_notes, '') as \"discharge_notes\",\n                                        s.name \"encounter_site_name\",\n                                        l.short_name \"room_identifier\",\n                                        'Y' as \"current_encounter\"\n                                    from encounter e\n                                    join location l on e.location_id = l.id\n                                    join site s on s.id = l.site_id\n                                    where patient_id = 1\n                                      and discharge_timestamp is null\n                                      limit 1\n                                    \n" rows_affected=1 rows_returned=1 elapsed=408.5µs elapsed_secs=0.0004085
2026-08-29T17:17:25.837362Z DEBUG sqlx::query: summary="SELECT i.id intervention_id, encounter_id, …" db.statement="\n\n\n                                SELECT i.id intervention_id, encounter_id, i.description, i.notes, location_id, users_id,\n                                    intervention_type_id, status_id,\n                                    l.room_identifier,\n                                    ref1.name \"intervention_type\", \n                                    ref2.name \"status\", i.scheduled_timestamp, i.performed_timestamp\n                                FROM intervention i\n                                join location l on  l.id = i.location_id\n                                join common_reference_type ref1 on i.intervention_type_id = ref1.id\n                                join common_reference_type ref2 on i.status_id = ref2.id \n                                where i.encounter_id = 1\n                                  AND i.intervention_type_id = 38\n                                ORDER BY i.id DESC LIMIT 1\n                                                \n" rows_affected=1 rows_returned=1 elapsed=444.1µs elapsed_secs=0.0004441
2026-08-29T17:17:25.842882Z DEBUG sqlx::query: summary="select e.id \"encounter_id\", admit_timestamp, …" db.statement="\n\n\n                                    select e.id \"encounter_id\", admit_timestamp,\n                                        discharge_timestamp as \"discharge_timestamp?\",\n                                        COALESCE(admit_notes, '') as \"admit_notes\",\n                                        COALESCE(discharge_notes, '') as \"discharge_notes\",\n                                        s.name \"encounter_site_name\",\n                                        l.short_name \"room_identifier\",\n                                        CASE WHEN discharge_timestamp is null then 'Y' else 'N' end as \"current_encounter\"\n                                    from encounter e\n                                    join location l on e.location_id = l.id\n                                    join site s on s.id = l.site_id\n                                    where patient_id = 1\n                                    order by admit_timestamp desc\n                                    \n" rows_affected=1 rows_returned=1 elapsed=4.9573ms elapsed_secs=0.0049573
2026-08-29T17:17:25.843001Z DEBUG MapleEMR::ui::simple_fmt: >get_encounter_list_tile()
2026-08-29T17:17:25.847860Z DEBUG sqlx::query: summary="SELECT i.id intervention_id, encounter_id, …" db.statement="\n\n\n                                SELECT i.id intervention_id, encounter_id, i.description, i.notes, location_id, users_id,\n                                     intervention_type_id, status_id,\n                                    l.room_identifier,\n                                    ref1.name \"intervention_type\", \n                                    ref2.name \"status\", i.scheduled_timestamp, i.performed_timestamp\n                                FROM intervention i\n                                join location l on  l.id = i.location_id\n                                join common_reference_type ref1 on i.intervention_type_id = ref1.id\n                                join common_reference_type ref2 on i.status_id = ref2.id \n                                where i.encounter_id = 1\n                                ORDER BY i.id DESC\n                                               \n" rows_affected=1 rows_returned=1 elapsed=2.6993ms elapsed_secs=0.0026993
2026-08-29T17:17:25.847955Z DEBUG MapleEMR::ui::simple_fmt: >get_intervention_list_tile()
2026-08-29T17:17:25.848044Z DEBUG MapleEMR::dao::patient_dao: get_patient_details Query: SELECT p.id "patient_id", e.id "encounter_id", e.location_id "location_id", legal_first_name, legal_last_name, COALESCE(legal_middle_names, '') as "legal_middle_names",
                                                COALESCE(admit_notes, '') as "admit_notes", COALESCE(discharge_notes, '') as "discharge_notes",
                                                birthdate, admit_timestamp,
                                                discharge_timestamp as "discharge_timestamp?",
                                                sin, phn, l2.short_name "location_short_name"
                                            FROM patient p
                                            join encounter e on p.id = e.patient_id
											join location l2 on l2.id = e.location_id
                                            where patient_id = 1
2026-08-29T17:17:25.852218Z DEBUG sqlx::query: summary="SELECT p.id \"patient_id\", e.id …" db.statement="\n\nSELECT p.id \"patient_id\", e.id \"encounter_id\", e.location_id \"location_id\", legal_first_name, legal_last_name, COALESCE(legal_middle_names, '') as \"legal_middle_names\",\n                                                COALESCE(admit_notes, '') as \"admit_notes\", COALESCE(discharge_notes, '') as \"discharge_notes\",\n                                                birthdate, admit_timestamp,\n                                                discharge_timestamp as \"discharge_timestamp?\",\n                                                sin, phn, l2.short_name \"location_short_name\"\n                                            FROM patient p\n                                            join encounter e on p.id = e.patient_id\n\t\t\t\t\t\t\t\t\t\t\tjoin location l2 on l2.id = e.location_id\n                                            where patient_id = 1\n" rows_affected=1 rows_returned=1 elapsed=3.8445ms elapsed_secs=0.0038445
2026-08-29T17:17:25.852391Z DEBUG MapleEMR::dao::patient_dao: >get_patients_at_users_site_no_discharge() Query: SELECT p.id, e.id, e.location_id, legal_first_name, legal_last_name, COALESCE(legal_middle_names, '') as "legal_middle_names",
                                        COALESCE(admit_notes, '') as "admit_notes", COALESCE(discharge_notes, '') as "discharge_notes",
                                        birthdate, admit_timestamp,
                                        discharge_timestamp as "discharge_timestamp?",
                                        phn, l2.short_name "location_short_name"
                                    FROM patient p
                                    join encounter e on p.id = e.patient_id
									join location l2 on l2.id = e.location_id
                                    where discharge_timestamp is null
                                      and location_id in (
                                        select l.id
                                        from location l
                                        where site_id in (
                                        select site_id
                                        from user_permission up
                                        where users_id = 2
                                            and up.site_id = l.site_id)  )
2026-08-29T17:17:25.853368Z DEBUG sqlx::query: summary="SELECT p.id, e.id, e.location_id, …" db.statement="\n\nSELECT p.id, e.id, e.location_id, legal_first_name, legal_last_name, COALESCE(legal_middle_names, '') as \"legal_middle_names\",\n                                        COALESCE(admit_notes, '') as \"admit_notes\", COALESCE(discharge_notes, '') as \"discharge_notes\",\n                                        birthdate, admit_timestamp,\n                                        discharge_timestamp as \"discharge_timestamp?\",\n                                        phn, l2.short_name \"location_short_name\"\n                                    FROM patient p\n                                    join encounter e on p.id = e.patient_id\n\t\t\t\t\t\t\t\t\tjoin location l2 on l2.id = e.location_id\n                                    where discharge_timestamp is null\n                                      and location_id in (\n                                        select l.id\n                                        from location l\n                                        where site_id in (\n                                        select site_id\n                                        from user_permission up\n                                        where users_id = 2\n                                            and up.site_id = l.site_id)  )\n" rows_affected=7 rows_returned=7 elapsed=656.8µs elapsed_secs=0.0006568
2026-08-29T17:17:25.853482Z DEBUG MapleEMR::dao::common_dao: get_common_references()
2026-08-29T17:17:25.858013Z DEBUG sqlx::query: summary="select id, name, description …" db.statement="\n\nselect id, name, description from common_reference_type where group_id = 1 ORDER BY NAME\n" rows_affected=19 rows_returned=19 elapsed=4.2313ms elapsed_secs=0.0042313
2026-08-29T17:17:25.858827Z DEBUG MapleEMR::ui::tile_factory: >get_patient_details_full_tile()
2026-08-29T17:17:25.859176Z DEBUG MapleEMR::ui::common: > get_dropdown_generic(intervention_type_id)
2026-08-29T17:17:27.340975Z DEBUG MapleEMR::route::intervention_route: -> Route Requested: /intvlink  route_to_modify_intervention_basic()
2026-08-29T17:17:27.341064Z DEBUG MapleEMR::route::intervention_route: -> Route Requested: /intv  (add/modify)
2026-08-29T17:17:27.341148Z DEBUG MapleEMR::route::intervention_route:    Intervention exists: view existing Intervention
2026-08-29T17:17:27.343088Z DEBUG sqlx::query: summary="SELECT i.id intervention_id, encounter_id, …" db.statement="\n\nSELECT i.id intervention_id,\n                                                encounter_id,\n                                                i.description,\n                                                i.notes,\n                                                i.location_id,\n                                                users_id,\n                                                intervention_type_id,\n                                                status_id,\n                                                l.room_identifier,\n                                                ref1.name \"intervention_type\", \n                                                ref2.name \"status\",\n                                                i.scheduled_timestamp,\n                                                i.performed_timestamp,\n                                                e.patient_id\n                                            FROM intervention i\n                                            join encounter e ON e.id = i.encounter_id\n                                            join location l on  l.id = i.location_id\n                                            join common_reference_type ref1 on i.intervention_type_id = ref1.id\n                                            join common_reference_type ref2 on i.status_id = ref2.id \n                                            where i.id = 1\n                                              \n" rows_affected=1 rows_returned=1 elapsed=1.5881ms elapsed_secs=0.0015881
2026-08-29T17:17:27.347810Z DEBUG sqlx::query: summary="SELECT i.id \"intervention_details_id\", value, …" db.statement="\n\n\n                                                    SELECT i.id \"intervention_details_id\", value, notes, entry_timestamp, ref1.name \"intervention_type\", intervention_id, type_id\n                                                        FROM intervention_details i\n                                                        JOIN common_reference_type ref1 on i.type_id = ref1.id \n                                                        WHERE i.intervention_id = 1\n                                                \n" rows_affected=13 rows_returned=13 elapsed=3.4764ms elapsed_secs=0.0034764
2026-08-29T17:17:27.347945Z DEBUG MapleEMR::dao::patient_dao: >get_patients_at_users_site_no_discharge() Query: SELECT p.id, e.id, e.location_id, legal_first_name, legal_last_name, COALESCE(legal_middle_names, '') as "legal_middle_names",
                                        COALESCE(admit_notes, '') as "admit_notes", COALESCE(discharge_notes, '') as "discharge_notes",
                                        birthdate, admit_timestamp,
                                        discharge_timestamp as "discharge_timestamp?",
                                        phn, l2.short_name "location_short_name"
                                    FROM patient p
                                    join encounter e on p.id = e.patient_id
									join location l2 on l2.id = e.location_id
                                    where discharge_timestamp is null
                                      and location_id in (
                                        select l.id
                                        from location l
                                        where site_id in (
                                        select site_id
                                        from user_permission up
                                        where users_id = 2
                                            and up.site_id = l.site_id)  )
2026-08-29T17:17:27.349202Z DEBUG sqlx::query: summary="SELECT p.id, e.id, e.location_id, …" db.statement="\n\nSELECT p.id, e.id, e.location_id, legal_first_name, legal_last_name, COALESCE(legal_middle_names, '') as \"legal_middle_names\",\n                                        COALESCE(admit_notes, '') as \"admit_notes\", COALESCE(discharge_notes, '') as \"discharge_notes\",\n                                        birthdate, admit_timestamp,\n                                        discharge_timestamp as \"discharge_timestamp?\",\n                                        phn, l2.short_name \"location_short_name\"\n                                    FROM patient p\n                                    join encounter e on p.id = e.patient_id\n\t\t\t\t\t\t\t\t\tjoin location l2 on l2.id = e.location_id\n                                    where discharge_timestamp is null\n                                      and location_id in (\n                                        select l.id\n                                        from location l\n                                        where site_id in (\n                                        select site_id\n                                        from user_permission up\n                                        where users_id = 2\n                                            and up.site_id = l.site_id)  )\n" rows_affected=7 rows_returned=7 elapsed=665.2µs elapsed_secs=0.0006652
2026-08-29T17:17:27.349326Z DEBUG MapleEMR::dao::auth_dao: get_user_and_departments_at_current_user_sites()
2026-08-29T17:17:27.354549Z DEBUG sqlx::query: summary="select distinct u.id user_id, …" db.statement="\n\n\n                                                select distinct u.id user_id,\n                                                    d.name || ' ('|| u.name||')' \"name\",\n                                                    u.name \"user_name\"\n                                                from user_permission up\n                                                join users u on up.users_id = u.id\n                                                join department d on up.department_id = d.id\n                                                where up.active_flag = 'Y'\n                                                and site_id is not null\n\t\t\t\t\t\t\t\t\t\t\t\torder by  d.name || ' ('|| u.name||')'\n                                                \n" rows_affected=10 rows_returned=10 elapsed=4.9208ms elapsed_secs=0.0049208
2026-08-29T17:17:27.354638Z DEBUG MapleEMR::dao::common_dao: get_common_reference()
2026-08-29T17:17:27.358431Z DEBUG sqlx::query: summary="SELECT id, name, description …" db.statement="\n\nSELECT id, name, description FROM common_reference_type WHERE ID = 38 LIMIT 1\n" rows_affected=1 rows_returned=1 elapsed=3.377ms elapsed_secs=0.003377
2026-08-29T17:17:27.358658Z DEBUG MapleEMR::dao::common_dao: get_common_references()
2026-08-29T17:17:27.360894Z DEBUG sqlx::query: summary="select id, name, description …" db.statement="\n\nselect id, name, description from common_reference_type where group_id = 5 ORDER BY NAME\n" rows_affected=3 rows_returned=3 elapsed=1.8925ms elapsed_secs=0.0018925
2026-08-29T17:17:27.361126Z DEBUG MapleEMR::dao::common_dao: get_common_references()
2026-08-29T17:17:27.362396Z DEBUG sqlx::query: summary="select id, name, description …" db.statement="\n\nselect id, name, description from common_reference_type where group_id = 2 ORDER BY NAME\n" rows_affected=6 rows_returned=6 elapsed=945.6µs elapsed_secs=0.0009456
2026-08-29T17:17:27.362505Z DEBUG MapleEMR::dao::common_dao: get_locations_for_user()
2026-08-29T17:17:27.364414Z DEBUG sqlx::query: summary="select id, name || …" db.statement="\n\n\n                                        select id, name || ' (' || short_name|| ')' from location\n                                        where active_flag = 'Y'\n                                        and site_id in (\n                                            select site_id\n                                            from user_permission\n                                            where users_id = 2\n                                                and active_flag = 'Y' )\n" rows_affected=34 rows_returned=34 elapsed=1.4567ms elapsed_secs=0.0014567
2026-08-29T17:17:27.364597Z DEBUG MapleEMR::ui::common: > get_location_dropdown()
2026-08-29T17:17:27.364708Z DEBUG MapleEMR::ui::tile_factory: >get_modify_intervention_full_page_tile()
2026-08-29T17:17:27.364792Z DEBUG MapleEMR::ui::tile_factory:   Update existing Intervention
2026-08-29T17:17:27.364807Z DEBUG MapleEMR::ui::common: > get_dropdown_generic(users_id)
2026-08-29T17:17:27.364850Z DEBUG MapleEMR::ui::common: > get_dropdown_generic(status_id)
2026-08-29T17:17:27.364902Z DEBUG MapleEMR::ui::intervention_fmt: >get_view_only_intervention_details_list()
2026-08-29T17:17:27.365043Z DEBUG MapleEMR::ui::common: > get_dropdown_generic(type_id_30)
2026-08-29T17:17:27.365126Z DEBUG MapleEMR::ui::common: > get_dropdown_generic(type_id_31)
2026-08-29T17:17:27.365215Z DEBUG MapleEMR::ui::common: > get_dropdown_generic(type_id_33)
2026-08-29T17:17:27.365353Z DEBUG MapleEMR::ui::common: > get_dropdown_generic(type_id_9)
2026-08-29T17:17:27.365489Z DEBUG MapleEMR::ui::common: > get_dropdown_generic(type_id_9)
2026-08-29T17:17:27.365635Z DEBUG MapleEMR::ui::common: > get_dropdown_generic(type_id_9)
2026-08-29T17:17:27.365744Z DEBUG MapleEMR::ui::common: > get_dropdown_generic(type_id_9)
2026-08-29T17:17:27.365902Z DEBUG MapleEMR::ui::common: > get_dropdown_generic(type_id_9)
2026-08-29T17:17:27.366075Z DEBUG MapleEMR::ui::common: > get_dropdown_generic(type_id_9)
2026-08-29T17:17:27.366206Z DEBUG MapleEMR::ui::common: > get_dropdown_generic(type_id_9)
2026-08-29T17:17:27.366347Z DEBUG MapleEMR::ui::common: > get_dropdown_generic(type_id_9)
2026-08-29T17:17:27.366499Z DEBUG MapleEMR::ui::common: > get_dropdown_generic(type_id_9)
2026-08-29T17:17:27.366622Z DEBUG MapleEMR::ui::common: > get_dropdown_generic(type_id_10)
2026-08-29T17:21:54.407408Z DEBUG MapleEMR::route::home_route: -> /home Route Requested
2026-08-29T17:21:54.407594Z DEBUG MapleEMR::dao::patient_dao: >get_patients_at_users_site_no_discharge() Query: SELECT p.id, e.id, e.location_id, legal_first_name, legal_last_name, COALESCE(legal_middle_names, '') as "legal_middle_names",
                                        COALESCE(admit_notes, '') as "admit_notes", COALESCE(discharge_notes, '') as "discharge_notes",
                                        birthdate, admit_timestamp,
                                        discharge_timestamp as "discharge_timestamp?",
                                        phn, l2.short_name "location_short_name"
                                    FROM patient p
                                    join encounter e on p.id = e.patient_id
									join location l2 on l2.id = e.location_id
                                    where discharge_timestamp is null
                                      and location_id in (
                                        select l.id
                                        from location l
                                        where site_id in (
                                        select site_id
                                        from user_permission up
                                        where users_id = 2
                                            and up.site_id = l.site_id)  )
2026-08-29T17:21:54.409116Z DEBUG sqlx::query: summary="SELECT p.id, e.id, e.location_id, …" db.statement="\n\nSELECT p.id, e.id, e.location_id, legal_first_name, legal_last_name, COALESCE(legal_middle_names, '') as \"legal_middle_names\",\n                                        COALESCE(admit_notes, '') as \"admit_notes\", COALESCE(discharge_notes, '') as \"discharge_notes\",\n                                        birthdate, admit_timestamp,\n                                        discharge_timestamp as \"discharge_timestamp?\",\n                                        phn, l2.short_name \"location_short_name\"\n                                    FROM patient p\n                                    join encounter e on p.id = e.patient_id\n\t\t\t\t\t\t\t\t\tjoin location l2 on l2.id = e.location_id\n                                    where discharge_timestamp is null\n                                      and location_id in (\n                                        select l.id\n                                        from location l\n                                        where site_id in (\n                                        select site_id\n                                        from user_permission up\n                                        where users_id = 2\n                                            and up.site_id = l.site_id)  )\n" rows_affected=7 rows_returned=7 elapsed=960.1µs elapsed_secs=0.0009601
2026-08-29T17:21:54.409229Z DEBUG MapleEMR::route::home_route: Retrieved 7 patients:
2026-08-29T17:21:54.410322Z DEBUG sqlx::query: summary="select e.id \"encounter_id\", admit_timestamp, …" db.statement="\n\n\n                                    select e.id \"encounter_id\", admit_timestamp,\n                                        discharge_timestamp as \"discharge_timestamp?\",\n                                        COALESCE(admit_notes, '') as \"admit_notes\",\n                                        COALESCE(discharge_notes, '') as \"discharge_notes\",\n                                        s.name \"encounter_site_name\",\n                                        l.short_name \"room_identifier\",\n                                        'Y' as \"current_encounter\"\n                                    from encounter e\n                                    join location l on e.location_id = l.id\n                                    join site s on s.id = l.site_id\n                                    where patient_id = 1\n                                      and discharge_timestamp is null\n                                      limit 1\n                                    \n" rows_affected=1 rows_returned=1 elapsed=606.5µs elapsed_secs=0.0006065
2026-08-29T17:21:54.528973Z DEBUG sqlx::query: summary="SELECT i.id intervention_id, encounter_id, …" db.statement="\n\n\n                                SELECT i.id intervention_id, encounter_id, i.description, i.notes, location_id, users_id,\n                                    intervention_type_id, status_id,\n                                    l.room_identifier,\n                                    ref1.name \"intervention_type\", \n                                    ref2.name \"status\", i.scheduled_timestamp, i.performed_timestamp\n                                FROM intervention i\n                                join location l on  l.id = i.location_id\n                                join common_reference_type ref1 on i.intervention_type_id = ref1.id\n                                join common_reference_type ref2 on i.status_id = ref2.id \n                                where i.encounter_id = 1\n                                  AND i.intervention_type_id = 38\n                                ORDER BY i.id DESC LIMIT 1\n                                                \n" rows_affected=1 rows_returned=1 elapsed=8.8462ms elapsed_secs=0.0088462
2026-08-29T17:21:54.533651Z DEBUG sqlx::query: summary="select e.id \"encounter_id\", admit_timestamp, …" db.statement="\n\n\n                                    select e.id \"encounter_id\", admit_timestamp,\n                                        discharge_timestamp as \"discharge_timestamp?\",\n                                        COALESCE(admit_notes, '') as \"admit_notes\",\n                                        COALESCE(discharge_notes, '') as \"discharge_notes\",\n                                        s.name \"encounter_site_name\",\n                                        l.short_name \"room_identifier\",\n                                        'Y' as \"current_encounter\"\n                                    from encounter e\n                                    join location l on e.location_id = l.id\n                                    join site s on s.id = l.site_id\n                                    where patient_id = 2\n                                      and discharge_timestamp is null\n                                      limit 1\n                                    \n" rows_affected=1 rows_returned=1 elapsed=4.2481ms elapsed_secs=0.0042481
2026-08-29T17:21:54.537019Z DEBUG sqlx::query: summary="SELECT i.id intervention_id, encounter_id, …" db.statement="\n\n\n                                SELECT i.id intervention_id, encounter_id, i.description, i.notes, location_id, users_id,\n                                    intervention_type_id, status_id,\n                                    l.room_identifier,\n                                    ref1.name \"intervention_type\", \n                                    ref2.name \"status\", i.scheduled_timestamp, i.performed_timestamp\n                                FROM intervention i\n                                join location l on  l.id = i.location_id\n                                join common_reference_type ref1 on i.intervention_type_id = ref1.id\n                                join common_reference_type ref2 on i.status_id = ref2.id \n                                where i.encounter_id = 2\n                                  AND i.intervention_type_id = 38\n                                ORDER BY i.id DESC LIMIT 1\n                                                \n" rows_affected=1 rows_returned=1 elapsed=3.0093ms elapsed_secs=0.0030093
2026-08-29T17:21:54.543947Z DEBUG sqlx::query: summary="select e.id \"encounter_id\", admit_timestamp, …" db.statement="\n\n\n                                    select e.id \"encounter_id\", admit_timestamp,\n                                        discharge_timestamp as \"discharge_timestamp?\",\n                                        COALESCE(admit_notes, '') as \"admit_notes\",\n                                        COALESCE(discharge_notes, '') as \"discharge_notes\",\n                                        s.name \"encounter_site_name\",\n                                        l.short_name \"room_identifier\",\n                                        'Y' as \"current_encounter\"\n                                    from encounter e\n                                    join location l on e.location_id = l.id\n                                    join site s on s.id = l.site_id\n                                    where patient_id = 3\n                                      and discharge_timestamp is null\n                                      limit 1\n                                    \n" rows_affected=1 rows_returned=1 elapsed=6.5016ms elapsed_secs=0.0065016
2026-08-29T17:21:54.546023Z DEBUG sqlx::query: summary="SELECT i.id intervention_id, encounter_id, …" db.statement="\n\n\n                                SELECT i.id intervention_id, encounter_id, i.description, i.notes, location_id, users_id,\n                                    intervention_type_id, status_id,\n                                    l.room_identifier,\n                                    ref1.name \"intervention_type\", \n                                    ref2.name \"status\", i.scheduled_timestamp, i.performed_timestamp\n                                FROM intervention i\n                                join location l on  l.id = i.location_id\n                                join common_reference_type ref1 on i.intervention_type_id = ref1.id\n                                join common_reference_type ref2 on i.status_id = ref2.id \n                                where i.encounter_id = 3\n                                  AND i.intervention_type_id = 38\n                                ORDER BY i.id DESC LIMIT 1\n                                                \n" rows_affected=1 rows_returned=1 elapsed=1.5494ms elapsed_secs=0.0015494
2026-08-29T17:21:54.547764Z DEBUG sqlx::query: summary="select e.id \"encounter_id\", admit_timestamp, …" db.statement="\n\n\n                                    select e.id \"encounter_id\", admit_timestamp,\n                                        discharge_timestamp as \"discharge_timestamp?\",\n                                        COALESCE(admit_notes, '') as \"admit_notes\",\n                                        COALESCE(discharge_notes, '') as \"discharge_notes\",\n                                        s.name \"encounter_site_name\",\n                                        l.short_name \"room_identifier\",\n                                        'Y' as \"current_encounter\"\n                                    from encounter e\n                                    join location l on e.location_id = l.id\n                                    join site s on s.id = l.site_id\n                                    where patient_id = 5\n                                      and discharge_timestamp is null\n                                      limit 1\n                                    \n" rows_affected=1 rows_returned=1 elapsed=719.8µs elapsed_secs=0.0007198
2026-08-29T17:21:54.549393Z DEBUG sqlx::query: summary="SELECT i.id intervention_id, encounter_id, …" db.statement="\n\n\n                                SELECT i.id intervention_id, encounter_id, i.description, i.notes, location_id, users_id,\n                                    intervention_type_id, status_id,\n                                    l.room_identifier,\n                                    ref1.name \"intervention_type\", \n                                    ref2.name \"status\", i.scheduled_timestamp, i.performed_timestamp\n                                FROM intervention i\n                                join location l on  l.id = i.location_id\n                                join common_reference_type ref1 on i.intervention_type_id = ref1.id\n                                join common_reference_type ref2 on i.status_id = ref2.id \n                                where i.encounter_id = 10\n                                  AND i.intervention_type_id = 38\n                                ORDER BY i.id DESC LIMIT 1\n                                                \n" rows_affected=0 rows_returned=0 elapsed=1.1312ms elapsed_secs=0.0011312
2026-08-29T17:21:54.549505Z DEBUG MapleEMR::dao::intervention_dao: No Interventions found for encounter_id: 10 [count=0]
2026-08-29T17:21:54.551321Z DEBUG sqlx::query: summary="select e.id \"encounter_id\", admit_timestamp, …" db.statement="\n\n\n                                    select e.id \"encounter_id\", admit_timestamp,\n                                        discharge_timestamp as \"discharge_timestamp?\",\n                                        COALESCE(admit_notes, '') as \"admit_notes\",\n                                        COALESCE(discharge_notes, '') as \"discharge_notes\",\n                                        s.name \"encounter_site_name\",\n                                        l.short_name \"room_identifier\",\n                                        'Y' as \"current_encounter\"\n                                    from encounter e\n                                    join location l on e.location_id = l.id\n                                    join site s on s.id = l.site_id\n                                    where patient_id = 25\n                                      and discharge_timestamp is null\n                                      limit 1\n                                    \n" rows_affected=1 rows_returned=1 elapsed=1.4156ms elapsed_secs=0.0014156
2026-08-29T17:21:54.553958Z DEBUG sqlx::query: summary="SELECT i.id intervention_id, encounter_id, …" db.statement="\n\n\n                                SELECT i.id intervention_id, encounter_id, i.description, i.notes, location_id, users_id,\n                                    intervention_type_id, status_id,\n                                    l.room_identifier,\n                                    ref1.name \"intervention_type\", \n                                    ref2.name \"status\", i.scheduled_timestamp, i.performed_timestamp\n                                FROM intervention i\n                                join location l on  l.id = i.location_id\n                                join common_reference_type ref1 on i.intervention_type_id = ref1.id\n                                join common_reference_type ref2 on i.status_id = ref2.id \n                                where i.encounter_id = 11\n                                  AND i.intervention_type_id = 38\n                                ORDER BY i.id DESC LIMIT 1\n                                                \n" rows_affected=0 rows_returned=0 elapsed=1.3352ms elapsed_secs=0.0013352
2026-08-29T17:21:54.554110Z DEBUG MapleEMR::dao::intervention_dao: No Interventions found for encounter_id: 11 [count=0]
2026-08-29T17:21:54.555609Z DEBUG sqlx::query: summary="select e.id \"encounter_id\", admit_timestamp, …" db.statement="\n\n\n                                    select e.id \"encounter_id\", admit_timestamp,\n                                        discharge_timestamp as \"discharge_timestamp?\",\n                                        COALESCE(admit_notes, '') as \"admit_notes\",\n                                        COALESCE(discharge_notes, '') as \"discharge_notes\",\n                                        s.name \"encounter_site_name\",\n                                        l.short_name \"room_identifier\",\n                                        'Y' as \"current_encounter\"\n                                    from encounter e\n                                    join location l on e.location_id = l.id\n                                    join site s on s.id = l.site_id\n                                    where patient_id = 26\n                                      and discharge_timestamp is null\n                                      limit 1\n                                    \n" rows_affected=1 rows_returned=1 elapsed=1.0525ms elapsed_secs=0.0010525
2026-08-29T17:21:54.556432Z DEBUG sqlx::query: summary="SELECT i.id intervention_id, encounter_id, …" db.statement="\n\n\n                                SELECT i.id intervention_id, encounter_id, i.description, i.notes, location_id, users_id,\n                                    intervention_type_id, status_id,\n                                    l.room_identifier,\n                                    ref1.name \"intervention_type\", \n                                    ref2.name \"status\", i.scheduled_timestamp, i.performed_timestamp\n                                FROM intervention i\n                                join location l on  l.id = i.location_id\n                                join common_reference_type ref1 on i.intervention_type_id = ref1.id\n                                join common_reference_type ref2 on i.status_id = ref2.id \n                                where i.encounter_id = 12\n                                  AND i.intervention_type_id = 38\n                                ORDER BY i.id DESC LIMIT 1\n                                                \n" rows_affected=0 rows_returned=0 elapsed=321.2µs elapsed_secs=0.0003212
2026-08-29T17:21:54.556517Z DEBUG MapleEMR::dao::intervention_dao: No Interventions found for encounter_id: 12 [count=0]
2026-08-29T17:21:54.557268Z DEBUG sqlx::query: summary="select e.id \"encounter_id\", admit_timestamp, …" db.statement="\n\n\n                                    select e.id \"encounter_id\", admit_timestamp,\n                                        discharge_timestamp as \"discharge_timestamp?\",\n                                        COALESCE(admit_notes, '') as \"admit_notes\",\n                                        COALESCE(discharge_notes, '') as \"discharge_notes\",\n                                        s.name \"encounter_site_name\",\n                                        l.short_name \"room_identifier\",\n                                        'Y' as \"current_encounter\"\n                                    from encounter e\n                                    join location l on e.location_id = l.id\n                                    join site s on s.id = l.site_id\n                                    where patient_id = 27\n                                      and discharge_timestamp is null\n                                      limit 1\n                                    \n" rows_affected=1 rows_returned=1 elapsed=367µs elapsed_secs=0.000367
2026-08-29T17:21:54.559039Z DEBUG sqlx::query: summary="SELECT i.id intervention_id, encounter_id, …" db.statement="\n\n\n                                SELECT i.id intervention_id, encounter_id, i.description, i.notes, location_id, users_id,\n                                    intervention_type_id, status_id,\n                                    l.room_identifier,\n                                    ref1.name \"intervention_type\", \n                                    ref2.name \"status\", i.scheduled_timestamp, i.performed_timestamp\n                                FROM intervention i\n                                join location l on  l.id = i.location_id\n                                join common_reference_type ref1 on i.intervention_type_id = ref1.id\n                                join common_reference_type ref2 on i.status_id = ref2.id \n                                where i.encounter_id = 13\n                                  AND i.intervention_type_id = 38\n                                ORDER BY i.id DESC LIMIT 1\n                                                \n" rows_affected=0 rows_returned=0 elapsed=1.377ms elapsed_secs=0.001377
2026-08-29T17:21:54.559134Z DEBUG MapleEMR::dao::intervention_dao: No Interventions found for encounter_id: 13 [count=0]
2026-08-29T17:21:55.873601Z DEBUG MapleEMR::route::patient_route: -> /patientdtls Route Requested
2026-08-29T17:21:55.874512Z DEBUG sqlx::query: summary="select e.id \"encounter_id\", admit_timestamp, …" db.statement="\n\n\n                                    select e.id \"encounter_id\", admit_timestamp,\n                                        discharge_timestamp as \"discharge_timestamp?\",\n                                        COALESCE(admit_notes, '') as \"admit_notes\",\n                                        COALESCE(discharge_notes, '') as \"discharge_notes\",\n                                        s.name \"encounter_site_name\",\n                                        l.short_name \"room_identifier\",\n                                        'Y' as \"current_encounter\"\n                                    from encounter e\n                                    join location l on e.location_id = l.id\n                                    join site s on s.id = l.site_id\n                                    where patient_id = 2\n                                      and discharge_timestamp is null\n                                      limit 1\n                                    \n" rows_affected=1 rows_returned=1 elapsed=422.2µs elapsed_secs=0.0004222
2026-08-29T17:21:55.881242Z DEBUG sqlx::query: summary="SELECT i.id intervention_id, encounter_id, …" db.statement="\n\n\n                                SELECT i.id intervention_id, encounter_id, i.description, i.notes, location_id, users_id,\n                                    intervention_type_id, status_id,\n                                    l.room_identifier,\n                                    ref1.name \"intervention_type\", \n                                    ref2.name \"status\", i.scheduled_timestamp, i.performed_timestamp\n                                FROM intervention i\n                                join location l on  l.id = i.location_id\n                                join common_reference_type ref1 on i.intervention_type_id = ref1.id\n                                join common_reference_type ref2 on i.status_id = ref2.id \n                                where i.encounter_id = 2\n                                  AND i.intervention_type_id = 38\n                                ORDER BY i.id DESC LIMIT 1\n                                                \n" rows_affected=1 rows_returned=1 elapsed=6.1226ms elapsed_secs=0.0061226
2026-08-29T17:21:55.883847Z DEBUG sqlx::query: summary="select e.id \"encounter_id\", admit_timestamp, …" db.statement="\n\n\n                                    select e.id \"encounter_id\", admit_timestamp,\n                                        discharge_timestamp as \"discharge_timestamp?\",\n                                        COALESCE(admit_notes, '') as \"admit_notes\",\n                                        COALESCE(discharge_notes, '') as \"discharge_notes\",\n                                        s.name \"encounter_site_name\",\n                                        l.short_name \"room_identifier\",\n                                        CASE WHEN discharge_timestamp is null then 'Y' else 'N' end as \"current_encounter\"\n                                    from encounter e\n                                    join location l on e.location_id = l.id\n                                    join site s on s.id = l.site_id\n                                    where patient_id = 2\n                                    order by admit_timestamp desc\n                                    \n" rows_affected=1 rows_returned=1 elapsed=1.4662ms elapsed_secs=0.0014662
2026-08-29T17:21:55.883950Z DEBUG MapleEMR::ui::simple_fmt: >get_encounter_list_tile()
2026-08-29T17:21:55.885515Z DEBUG sqlx::query: summary="SELECT i.id intervention_id, encounter_id, …" db.statement="\n\n\n                                SELECT i.id intervention_id, encounter_id, i.description, i.notes, location_id, users_id,\n                                     intervention_type_id, status_id,\n                                    l.room_identifier,\n                                    ref1.name \"intervention_type\", \n                                    ref2.name \"status\", i.scheduled_timestamp, i.performed_timestamp\n                                FROM intervention i\n                                join location l on  l.id = i.location_id\n                                join common_reference_type ref1 on i.intervention_type_id = ref1.id\n                                join common_reference_type ref2 on i.status_id = ref2.id \n                                where i.encounter_id = 2\n                                ORDER BY i.id DESC\n                                               \n" rows_affected=1 rows_returned=1 elapsed=1.159ms elapsed_secs=0.001159
2026-08-29T17:21:55.885627Z DEBUG MapleEMR::ui::simple_fmt: >get_intervention_list_tile()
2026-08-29T17:21:55.885697Z DEBUG MapleEMR::dao::patient_dao: get_patient_details Query: SELECT p.id "patient_id", e.id "encounter_id", e.location_id "location_id", legal_first_name, legal_last_name, COALESCE(legal_middle_names, '') as "legal_middle_names",
                                                COALESCE(admit_notes, '') as "admit_notes", COALESCE(discharge_notes, '') as "discharge_notes",
                                                birthdate, admit_timestamp,
                                                discharge_timestamp as "discharge_timestamp?",
                                                sin, phn, l2.short_name "location_short_name"
                                            FROM patient p
                                            join encounter e on p.id = e.patient_id
											join location l2 on l2.id = e.location_id
                                            where patient_id = 2
2026-08-29T17:21:55.886941Z DEBUG sqlx::query: summary="SELECT p.id \"patient_id\", e.id …" db.statement="\n\nSELECT p.id \"patient_id\", e.id \"encounter_id\", e.location_id \"location_id\", legal_first_name, legal_last_name, COALESCE(legal_middle_names, '') as \"legal_middle_names\",\n                                                COALESCE(admit_notes, '') as \"admit_notes\", COALESCE(discharge_notes, '') as \"discharge_notes\",\n                                                birthdate, admit_timestamp,\n                                                discharge_timestamp as \"discharge_timestamp?\",\n                                                sin, phn, l2.short_name \"location_short_name\"\n                                            FROM patient p\n                                            join encounter e on p.id = e.patient_id\n\t\t\t\t\t\t\t\t\t\t\tjoin location l2 on l2.id = e.location_id\n                                            where patient_id = 2\n" rows_affected=1 rows_returned=1 elapsed=915.9µs elapsed_secs=0.0009159
2026-08-29T17:21:55.887073Z DEBUG MapleEMR::dao::patient_dao: >get_patients_at_users_site_no_discharge() Query: SELECT p.id, e.id, e.location_id, legal_first_name, legal_last_name, COALESCE(legal_middle_names, '') as "legal_middle_names",
                                        COALESCE(admit_notes, '') as "admit_notes", COALESCE(discharge_notes, '') as "discharge_notes",
                                        birthdate, admit_timestamp,
                                        discharge_timestamp as "discharge_timestamp?",
                                        phn, l2.short_name "location_short_name"
                                    FROM patient p
                                    join encounter e on p.id = e.patient_id
									join location l2 on l2.id = e.location_id
                                    where discharge_timestamp is null
                                      and location_id in (
                                        select l.id
                                        from location l
                                        where site_id in (
                                        select site_id
                                        from user_permission up
                                        where users_id = 2
                                            and up.site_id = l.site_id)  )
2026-08-29T17:21:55.896962Z DEBUG sqlx::query: summary="SELECT p.id, e.id, e.location_id, …" db.statement="\n\nSELECT p.id, e.id, e.location_id, legal_first_name, legal_last_name, COALESCE(legal_middle_names, '') as \"legal_middle_names\",\n                                        COALESCE(admit_notes, '') as \"admit_notes\", COALESCE(discharge_notes, '') as \"discharge_notes\",\n                                        birthdate, admit_timestamp,\n                                        discharge_timestamp as \"discharge_timestamp?\",\n                                        phn, l2.short_name \"location_short_name\"\n                                    FROM patient p\n                                    join encounter e on p.id = e.patient_id\n\t\t\t\t\t\t\t\t\tjoin location l2 on l2.id = e.location_id\n                                    where discharge_timestamp is null\n                                      and location_id in (\n                                        select l.id\n                                        from location l\n                                        where site_id in (\n                                        select site_id\n                                        from user_permission up\n                                        where users_id = 2\n                                            and up.site_id = l.site_id)  )\n" rows_affected=7 rows_returned=7 elapsed=9.4881ms elapsed_secs=0.0094881
2026-08-29T17:21:55.897813Z DEBUG MapleEMR::dao::common_dao: get_common_references()
2026-08-29T17:21:55.899716Z DEBUG sqlx::query: summary="select id, name, description …" db.statement="\n\nselect id, name, description from common_reference_type where group_id = 1 ORDER BY NAME\n" rows_affected=19 rows_returned=19 elapsed=1.1834ms elapsed_secs=0.0011834
2026-08-29T17:21:55.899800Z DEBUG MapleEMR::ui::tile_factory: >get_patient_details_full_tile()
2026-08-29T17:21:55.899894Z DEBUG MapleEMR::ui::common: > get_dropdown_generic(intervention_type_id)
2026-08-29T17:21:57.432008Z DEBUG MapleEMR::route::intervention_route: -> Route Requested: /intvlink  route_to_modify_intervention_basic()
2026-08-29T17:21:57.432060Z DEBUG MapleEMR::route::intervention_route: -> Route Requested: /intv  (add/modify)
2026-08-29T17:21:57.432130Z DEBUG MapleEMR::route::intervention_route:    Intervention exists: view existing Intervention
2026-08-29T17:21:57.433954Z DEBUG sqlx::query: summary="SELECT i.id intervention_id, encounter_id, …" db.statement="\n\nSELECT i.id intervention_id,\n                                                encounter_id,\n                                                i.description,\n                                                i.notes,\n                                                i.location_id,\n                                                users_id,\n                                                intervention_type_id,\n                                                status_id,\n                                                l.room_identifier,\n                                                ref1.name \"intervention_type\", \n                                                ref2.name \"status\",\n                                                i.scheduled_timestamp,\n                                                i.performed_timestamp,\n                                                e.patient_id\n                                            FROM intervention i\n                                            join encounter e ON e.id = i.encounter_id\n                                            join location l on  l.id = i.location_id\n                                            join common_reference_type ref1 on i.intervention_type_id = ref1.id\n                                            join common_reference_type ref2 on i.status_id = ref2.id \n                                            where i.id = 2\n                                              \n" rows_affected=1 rows_returned=1 elapsed=1.4758ms elapsed_secs=0.0014758
2026-08-29T17:21:57.439851Z DEBUG sqlx::query: summary="SELECT i.id \"intervention_details_id\", value, …" db.statement="\n\n\n                                                    SELECT i.id \"intervention_details_id\", value, notes, entry_timestamp, ref1.name \"intervention_type\", intervention_id, type_id\n                                                        FROM intervention_details i\n                                                        JOIN common_reference_type ref1 on i.type_id = ref1.id \n                                                        WHERE i.intervention_id = 2\n                                                \n" rows_affected=4 rows_returned=4 elapsed=3.7106ms elapsed_secs=0.0037106
2026-08-29T17:21:57.440004Z DEBUG MapleEMR::dao::patient_dao: >get_patients_at_users_site_no_discharge() Query: SELECT p.id, e.id, e.location_id, legal_first_name, legal_last_name, COALESCE(legal_middle_names, '') as "legal_middle_names",
                                        COALESCE(admit_notes, '') as "admit_notes", COALESCE(discharge_notes, '') as "discharge_notes",
                                        birthdate, admit_timestamp,
                                        discharge_timestamp as "discharge_timestamp?",
                                        phn, l2.short_name "location_short_name"
                                    FROM patient p
                                    join encounter e on p.id = e.patient_id
									join location l2 on l2.id = e.location_id
                                    where discharge_timestamp is null
                                      and location_id in (
                                        select l.id
                                        from location l
                                        where site_id in (
                                        select site_id
                                        from user_permission up
                                        where users_id = 2
                                            and up.site_id = l.site_id)  )
2026-08-29T17:21:57.441009Z DEBUG sqlx::query: summary="SELECT p.id, e.id, e.location_id, …" db.statement="\n\nSELECT p.id, e.id, e.location_id, legal_first_name, legal_last_name, COALESCE(legal_middle_names, '') as \"legal_middle_names\",\n                                        COALESCE(admit_notes, '') as \"admit_notes\", COALESCE(discharge_notes, '') as \"discharge_notes\",\n                                        birthdate, admit_timestamp,\n                                        discharge_timestamp as \"discharge_timestamp?\",\n                                        phn, l2.short_name \"location_short_name\"\n                                    FROM patient p\n                                    join encounter e on p.id = e.patient_id\n\t\t\t\t\t\t\t\t\tjoin location l2 on l2.id = e.location_id\n                                    where discharge_timestamp is null\n                                      and location_id in (\n                                        select l.id\n                                        from location l\n                                        where site_id in (\n                                        select site_id\n                                        from user_permission up\n                                        where users_id = 2\n                                            and up.site_id = l.site_id)  )\n" rows_affected=7 rows_returned=7 elapsed=605.6µs elapsed_secs=0.0006056
2026-08-29T17:21:57.441093Z DEBUG MapleEMR::dao::auth_dao: get_user_and_departments_at_current_user_sites()
2026-08-29T17:21:57.441867Z DEBUG sqlx::query: summary="select distinct u.id user_id, …" db.statement="\n\n\n                                                select distinct u.id user_id,\n                                                    d.name || ' ('|| u.name||')' \"name\",\n                                                    u.name \"user_name\"\n                                                from user_permission up\n                                                join users u on up.users_id = u.id\n                                                join department d on up.department_id = d.id\n                                                where up.active_flag = 'Y'\n                                                and site_id is not null\n\t\t\t\t\t\t\t\t\t\t\t\torder by  d.name || ' ('|| u.name||')'\n                                                \n" rows_affected=10 rows_returned=10 elapsed=472.6µs elapsed_secs=0.0004726
2026-08-29T17:21:57.442049Z DEBUG MapleEMR::dao::common_dao: get_common_reference()
2026-08-29T17:21:57.447476Z DEBUG sqlx::query: summary="SELECT id, name, description …" db.statement="\n\nSELECT id, name, description FROM common_reference_type WHERE ID = 38 LIMIT 1\n" rows_affected=1 rows_returned=1 elapsed=4.8967ms elapsed_secs=0.0048967
2026-08-29T17:21:57.447848Z DEBUG MapleEMR::dao::common_dao: get_common_references()
2026-08-29T17:21:57.449796Z DEBUG sqlx::query: summary="select id, name, description …" db.statement="\n\nselect id, name, description from common_reference_type where group_id = 5 ORDER BY NAME\n" rows_affected=3 rows_returned=3 elapsed=868.2µs elapsed_secs=0.0008682
2026-08-29T17:21:57.449873Z DEBUG MapleEMR::dao::common_dao: get_common_references()
2026-08-29T17:21:57.450961Z DEBUG sqlx::query: summary="select id, name, description …" db.statement="\n\nselect id, name, description from common_reference_type where group_id = 2 ORDER BY NAME\n" rows_affected=6 rows_returned=6 elapsed=808.7µs elapsed_secs=0.0008087
2026-08-29T17:21:57.451043Z DEBUG MapleEMR::dao::common_dao: get_locations_for_user()
2026-08-29T17:21:57.452657Z DEBUG sqlx::query: summary="select id, name || …" db.statement="\n\n\n                                        select id, name || ' (' || short_name|| ')' from location\n                                        where active_flag = 'Y'\n                                        and site_id in (\n                                            select site_id\n                                            from user_permission\n                                            where users_id = 2\n                                                and active_flag = 'Y' )\n" rows_affected=34 rows_returned=34 elapsed=1.2161ms elapsed_secs=0.0012161
2026-08-29T17:21:57.452720Z DEBUG MapleEMR::ui::common: > get_location_dropdown()
2026-08-29T17:21:57.452765Z DEBUG MapleEMR::ui::tile_factory: >get_modify_intervention_full_page_tile()
2026-08-29T17:21:57.452799Z DEBUG MapleEMR::ui::tile_factory:   Update existing Intervention
2026-08-29T17:21:57.452811Z DEBUG MapleEMR::ui::common: > get_dropdown_generic(users_id)
2026-08-29T17:21:57.452832Z DEBUG MapleEMR::ui::common: > get_dropdown_generic(status_id)
2026-08-29T17:21:57.452858Z DEBUG MapleEMR::ui::intervention_fmt: >get_view_only_intervention_details_list()
2026-08-29T17:21:57.452939Z DEBUG MapleEMR::ui::common: > get_dropdown_generic(type_id_33)
2026-08-29T17:21:57.453017Z DEBUG MapleEMR::ui::common: > get_dropdown_generic(type_id_30)
2026-08-29T17:21:57.453094Z DEBUG MapleEMR::ui::common: > get_dropdown_generic(type_id_31)
2026-08-29T17:21:57.453169Z DEBUG MapleEMR::ui::common: > get_dropdown_generic(type_id_32)
2026-08-29T17:22:04.075112Z DEBUG MapleEMR::route::home_route: -> /home Route Requested
2026-08-29T17:22:04.075233Z DEBUG MapleEMR::dao::patient_dao: >get_patients_at_users_site_no_discharge() Query: SELECT p.id, e.id, e.location_id, legal_first_name, legal_last_name, COALESCE(legal_middle_names, '') as "legal_middle_names",
                                        COALESCE(admit_notes, '') as "admit_notes", COALESCE(discharge_notes, '') as "discharge_notes",
                                        birthdate, admit_timestamp,
                                        discharge_timestamp as "discharge_timestamp?",
                                        phn, l2.short_name "location_short_name"
                                    FROM patient p
                                    join encounter e on p.id = e.patient_id
									join location l2 on l2.id = e.location_id
                                    where discharge_timestamp is null
                                      and location_id in (
                                        select l.id
                                        from location l
                                        where site_id in (
                                        select site_id
                                        from user_permission up
                                        where users_id = 2
                                            and up.site_id = l.site_id)  )
2026-08-29T17:22:04.076912Z DEBUG sqlx::query: summary="SELECT p.id, e.id, e.location_id, …" db.statement="\n\nSELECT p.id, e.id, e.location_id, legal_first_name, legal_last_name, COALESCE(legal_middle_names, '') as \"legal_middle_names\",\n                                        COALESCE(admit_notes, '') as \"admit_notes\", COALESCE(discharge_notes, '') as \"discharge_notes\",\n                                        birthdate, admit_timestamp,\n                                        discharge_timestamp as \"discharge_timestamp?\",\n                                        phn, l2.short_name \"location_short_name\"\n                                    FROM patient p\n                                    join encounter e on p.id = e.patient_id\n\t\t\t\t\t\t\t\t\tjoin location l2 on l2.id = e.location_id\n                                    where discharge_timestamp is null\n                                      and location_id in (\n                                        select l.id\n                                        from location l\n                                        where site_id in (\n                                        select site_id\n                                        from user_permission up\n                                        where users_id = 2\n                                            and up.site_id = l.site_id)  )\n" rows_affected=7 rows_returned=7 elapsed=1.2201ms elapsed_secs=0.0012201
2026-08-29T17:22:04.077026Z DEBUG MapleEMR::route::home_route: Retrieved 7 patients:
2026-08-29T17:22:04.080743Z DEBUG sqlx::query: summary="select e.id \"encounter_id\", admit_timestamp, …" db.statement="\n\n\n                                    select e.id \"encounter_id\", admit_timestamp,\n                                        discharge_timestamp as \"discharge_timestamp?\",\n                                        COALESCE(admit_notes, '') as \"admit_notes\",\n                                        COALESCE(discharge_notes, '') as \"discharge_notes\",\n                                        s.name \"encounter_site_name\",\n                                        l.short_name \"room_identifier\",\n                                        'Y' as \"current_encounter\"\n                                    from encounter e\n                                    join location l on e.location_id = l.id\n                                    join site s on s.id = l.site_id\n                                    where patient_id = 1\n                                      and discharge_timestamp is null\n                                      limit 1\n                                    \n" rows_affected=1 rows_returned=1 elapsed=814.3µs elapsed_secs=0.0008143
2026-08-29T17:22:04.081938Z DEBUG sqlx::query: summary="SELECT i.id intervention_id, encounter_id, …" db.statement="\n\n\n                                SELECT i.id intervention_id, encounter_id, i.description, i.notes, location_id, users_id,\n                                    intervention_type_id, status_id,\n                                    l.room_identifier,\n                                    ref1.name \"intervention_type\", \n                                    ref2.name \"status\", i.scheduled_timestamp, i.performed_timestamp\n                                FROM intervention i\n                                join location l on  l.id = i.location_id\n                                join common_reference_type ref1 on i.intervention_type_id = ref1.id\n                                join common_reference_type ref2 on i.status_id = ref2.id \n                                where i.encounter_id = 1\n                                  AND i.intervention_type_id = 38\n                                ORDER BY i.id DESC LIMIT 1\n                                                \n" rows_affected=1 rows_returned=1 elapsed=529.8µs elapsed_secs=0.0005298
2026-08-29T17:22:04.082729Z DEBUG sqlx::query: summary="select e.id \"encounter_id\", admit_timestamp, …" db.statement="\n\n\n                                    select e.id \"encounter_id\", admit_timestamp,\n                                        discharge_timestamp as \"discharge_timestamp?\",\n                                        COALESCE(admit_notes, '') as \"admit_notes\",\n                                        COALESCE(discharge_notes, '') as \"discharge_notes\",\n                                        s.name \"encounter_site_name\",\n                                        l.short_name \"room_identifier\",\n                                        'Y' as \"current_encounter\"\n                                    from encounter e\n                                    join location l on e.location_id = l.id\n                                    join site s on s.id = l.site_id\n                                    where patient_id = 2\n                                      and discharge_timestamp is null\n                                      limit 1\n                                    \n" rows_affected=1 rows_returned=1 elapsed=346µs elapsed_secs=0.000346
2026-08-29T17:22:04.083809Z DEBUG sqlx::query: summary="SELECT i.id intervention_id, encounter_id, …" db.statement="\n\n\n                                SELECT i.id intervention_id, encounter_id, i.description, i.notes, location_id, users_id,\n                                    intervention_type_id, status_id,\n                                    l.room_identifier,\n                                    ref1.name \"intervention_type\", \n                                    ref2.name \"status\", i.scheduled_timestamp, i.performed_timestamp\n                                FROM intervention i\n                                join location l on  l.id = i.location_id\n                                join common_reference_type ref1 on i.intervention_type_id = ref1.id\n                                join common_reference_type ref2 on i.status_id = ref2.id \n                                where i.encounter_id = 2\n                                  AND i.intervention_type_id = 38\n                                ORDER BY i.id DESC LIMIT 1\n                                                \n" rows_affected=1 rows_returned=1 elapsed=620.6µs elapsed_secs=0.0006206
2026-08-29T17:22:04.085040Z DEBUG sqlx::query: summary="select e.id \"encounter_id\", admit_timestamp, …" db.statement="\n\n\n                                    select e.id \"encounter_id\", admit_timestamp,\n                                        discharge_timestamp as \"discharge_timestamp?\",\n                                        COALESCE(admit_notes, '') as \"admit_notes\",\n                                        COALESCE(discharge_notes, '') as \"discharge_notes\",\n                                        s.name \"encounter_site_name\",\n                                        l.short_name \"room_identifier\",\n                                        'Y' as \"current_encounter\"\n                                    from encounter e\n                                    join location l on e.location_id = l.id\n                                    join site s on s.id = l.site_id\n                                    where patient_id = 3\n                                      and discharge_timestamp is null\n                                      limit 1\n                                    \n" rows_affected=1 rows_returned=1 elapsed=634.9µs elapsed_secs=0.0006349
2026-08-29T17:22:04.085748Z DEBUG sqlx::query: summary="SELECT i.id intervention_id, encounter_id, …" db.statement="\n\n\n                                SELECT i.id intervention_id, encounter_id, i.description, i.notes, location_id, users_id,\n                                    intervention_type_id, status_id,\n                                    l.room_identifier,\n                                    ref1.name \"intervention_type\", \n                                    ref2.name \"status\", i.scheduled_timestamp, i.performed_timestamp\n                                FROM intervention i\n                                join location l on  l.id = i.location_id\n                                join common_reference_type ref1 on i.intervention_type_id = ref1.id\n                                join common_reference_type ref2 on i.status_id = ref2.id \n                                where i.encounter_id = 3\n                                  AND i.intervention_type_id = 38\n                                ORDER BY i.id DESC LIMIT 1\n                                                \n" rows_affected=1 rows_returned=1 elapsed=343.6µs elapsed_secs=0.0003436
2026-08-29T17:22:04.086281Z DEBUG sqlx::query: summary="select e.id \"encounter_id\", admit_timestamp, …" db.statement="\n\n\n                                    select e.id \"encounter_id\", admit_timestamp,\n                                        discharge_timestamp as \"discharge_timestamp?\",\n                                        COALESCE(admit_notes, '') as \"admit_notes\",\n                                        COALESCE(discharge_notes, '') as \"discharge_notes\",\n                                        s.name \"encounter_site_name\",\n                                        l.short_name \"room_identifier\",\n                                        'Y' as \"current_encounter\"\n                                    from encounter e\n                                    join location l on e.location_id = l.id\n                                    join site s on s.id = l.site_id\n                                    where patient_id = 5\n                                      and discharge_timestamp is null\n                                      limit 1\n                                    \n" rows_affected=1 rows_returned=1 elapsed=247.5µs elapsed_secs=0.0002475
2026-08-29T17:22:04.086759Z DEBUG sqlx::query: summary="SELECT i.id intervention_id, encounter_id, …" db.statement="\n\n\n                                SELECT i.id intervention_id, encounter_id, i.description, i.notes, location_id, users_id,\n                                    intervention_type_id, status_id,\n                                    l.room_identifier,\n                                    ref1.name \"intervention_type\", \n                                    ref2.name \"status\", i.scheduled_timestamp, i.performed_timestamp\n                                FROM intervention i\n                                join location l on  l.id = i.location_id\n                                join common_reference_type ref1 on i.intervention_type_id = ref1.id\n                                join common_reference_type ref2 on i.status_id = ref2.id \n                                where i.encounter_id = 10\n                                  AND i.intervention_type_id = 38\n                                ORDER BY i.id DESC LIMIT 1\n                                                \n" rows_affected=0 rows_returned=0 elapsed=215.3µs elapsed_secs=0.0002153
2026-08-29T17:22:04.086810Z DEBUG MapleEMR::dao::intervention_dao: No Interventions found for encounter_id: 10 [count=0]
2026-08-29T17:22:04.087259Z DEBUG sqlx::query: summary="select e.id \"encounter_id\", admit_timestamp, …" db.statement="\n\n\n                                    select e.id \"encounter_id\", admit_timestamp,\n                                        discharge_timestamp as \"discharge_timestamp?\",\n                                        COALESCE(admit_notes, '') as \"admit_notes\",\n                                        COALESCE(discharge_notes, '') as \"discharge_notes\",\n                                        s.name \"encounter_site_name\",\n                                        l.short_name \"room_identifier\",\n                                        'Y' as \"current_encounter\"\n                                    from encounter e\n                                    join location l on e.location_id = l.id\n                                    join site s on s.id = l.site_id\n                                    where patient_id = 25\n                                      and discharge_timestamp is null\n                                      limit 1\n                                    \n" rows_affected=1 rows_returned=1 elapsed=229µs elapsed_secs=0.000229
2026-08-29T17:22:04.087728Z DEBUG sqlx::query: summary="SELECT i.id intervention_id, encounter_id, …" db.statement="\n\n\n                                SELECT i.id intervention_id, encounter_id, i.description, i.notes, location_id, users_id,\n                                    intervention_type_id, status_id,\n                                    l.room_identifier,\n                                    ref1.name \"intervention_type\", \n                                    ref2.name \"status\", i.scheduled_timestamp, i.performed_timestamp\n                                FROM intervention i\n                                join location l on  l.id = i.location_id\n                                join common_reference_type ref1 on i.intervention_type_id = ref1.id\n                                join common_reference_type ref2 on i.status_id = ref2.id \n                                where i.encounter_id = 11\n                                  AND i.intervention_type_id = 38\n                                ORDER BY i.id DESC LIMIT 1\n                                                \n" rows_affected=0 rows_returned=0 elapsed=213.8µs elapsed_secs=0.0002138
2026-08-29T17:22:04.087783Z DEBUG MapleEMR::dao::intervention_dao: No Interventions found for encounter_id: 11 [count=0]
2026-08-29T17:22:04.088269Z DEBUG sqlx::query: summary="select e.id \"encounter_id\", admit_timestamp, …" db.statement="\n\n\n                                    select e.id \"encounter_id\", admit_timestamp,\n                                        discharge_timestamp as \"discharge_timestamp?\",\n                                        COALESCE(admit_notes, '') as \"admit_notes\",\n                                        COALESCE(discharge_notes, '') as \"discharge_notes\",\n                                        s.name \"encounter_site_name\",\n                                        l.short_name \"room_identifier\",\n                                        'Y' as \"current_encounter\"\n                                    from encounter e\n                                    join location l on e.location_id = l.id\n                                    join site s on s.id = l.site_id\n                                    where patient_id = 26\n                                      and discharge_timestamp is null\n                                      limit 1\n                                    \n" rows_affected=1 rows_returned=1 elapsed=238.3µs elapsed_secs=0.0002383
2026-08-29T17:22:04.088732Z DEBUG sqlx::query: summary="SELECT i.id intervention_id, encounter_id, …" db.statement="\n\n\n                                SELECT i.id intervention_id, encounter_id, i.description, i.notes, location_id, users_id,\n                                    intervention_type_id, status_id,\n                                    l.room_identifier,\n                                    ref1.name \"intervention_type\", \n                                    ref2.name \"status\", i.scheduled_timestamp, i.performed_timestamp\n                                FROM intervention i\n                                join location l on  l.id = i.location_id\n                                join common_reference_type ref1 on i.intervention_type_id = ref1.id\n                                join common_reference_type ref2 on i.status_id = ref2.id \n                                where i.encounter_id = 12\n                                  AND i.intervention_type_id = 38\n                                ORDER BY i.id DESC LIMIT 1\n                                                \n" rows_affected=0 rows_returned=0 elapsed=214.1µs elapsed_secs=0.0002141
2026-08-29T17:22:04.088781Z DEBUG MapleEMR::dao::intervention_dao: No Interventions found for encounter_id: 12 [count=0]
2026-08-29T17:22:04.089227Z DEBUG sqlx::query: summary="select e.id \"encounter_id\", admit_timestamp, …" db.statement="\n\n\n                                    select e.id \"encounter_id\", admit_timestamp,\n                                        discharge_timestamp as \"discharge_timestamp?\",\n                                        COALESCE(admit_notes, '') as \"admit_notes\",\n                                        COALESCE(discharge_notes, '') as \"discharge_notes\",\n                                        s.name \"encounter_site_name\",\n                                        l.short_name \"room_identifier\",\n                                        'Y' as \"current_encounter\"\n                                    from encounter e\n                                    join location l on e.location_id = l.id\n                                    join site s on s.id = l.site_id\n                                    where patient_id = 27\n                                      and discharge_timestamp is null\n                                      limit 1\n                                    \n" rows_affected=1 rows_returned=1 elapsed=225.9µs elapsed_secs=0.0002259
2026-08-29T17:22:04.089683Z DEBUG sqlx::query: summary="SELECT i.id intervention_id, encounter_id, …" db.statement="\n\n\n                                SELECT i.id intervention_id, encounter_id, i.description, i.notes, location_id, users_id,\n                                    intervention_type_id, status_id,\n                                    l.room_identifier,\n                                    ref1.name \"intervention_type\", \n                                    ref2.name \"status\", i.scheduled_timestamp, i.performed_timestamp\n                                FROM intervention i\n                                join location l on  l.id = i.location_id\n                                join common_reference_type ref1 on i.intervention_type_id = ref1.id\n                                join common_reference_type ref2 on i.status_id = ref2.id \n                                where i.encounter_id = 13\n                                  AND i.intervention_type_id = 38\n                                ORDER BY i.id DESC LIMIT 1\n                                                \n" rows_affected=0 rows_returned=0 elapsed=200.7µs elapsed_secs=0.0002007
2026-08-29T17:22:04.089733Z DEBUG MapleEMR::dao::intervention_dao: No Interventions found for encounter_id: 13 [count=0]
2026-08-29T17:22:05.226183Z DEBUG MapleEMR::route::patient_route: -> /patientdtls Route Requested
2026-08-29T17:22:05.228601Z DEBUG sqlx::query: summary="select e.id \"encounter_id\", admit_timestamp, …" db.statement="\n\n\n                                    select e.id \"encounter_id\", admit_timestamp,\n                                        discharge_timestamp as \"discharge_timestamp?\",\n                                        COALESCE(admit_notes, '') as \"admit_notes\",\n                                        COALESCE(discharge_notes, '') as \"discharge_notes\",\n                                        s.name \"encounter_site_name\",\n                                        l.short_name \"room_identifier\",\n                                        'Y' as \"current_encounter\"\n                                    from encounter e\n                                    join location l on e.location_id = l.id\n                                    join site s on s.id = l.site_id\n                                    where patient_id = 26\n                                      and discharge_timestamp is null\n                                      limit 1\n                                    \n" rows_affected=1 rows_returned=1 elapsed=1.3298ms elapsed_secs=0.0013298
2026-08-29T17:22:05.231397Z DEBUG sqlx::query: summary="SELECT i.id intervention_id, encounter_id, …" db.statement="\n\n\n                                SELECT i.id intervention_id, encounter_id, i.description, i.notes, location_id, users_id,\n                                    intervention_type_id, status_id,\n                                    l.room_identifier,\n                                    ref1.name \"intervention_type\", \n                                    ref2.name \"status\", i.scheduled_timestamp, i.performed_timestamp\n                                FROM intervention i\n                                join location l on  l.id = i.location_id\n                                join common_reference_type ref1 on i.intervention_type_id = ref1.id\n                                join common_reference_type ref2 on i.status_id = ref2.id \n                                where i.encounter_id = 12\n                                  AND i.intervention_type_id = 38\n                                ORDER BY i.id DESC LIMIT 1\n                                                \n" rows_affected=0 rows_returned=0 elapsed=1.7032ms elapsed_secs=0.0017032
2026-08-29T17:22:05.231616Z DEBUG MapleEMR::dao::intervention_dao: No Interventions found for encounter_id: 12 [count=0]
2026-08-29T17:22:05.234185Z DEBUG sqlx::query: summary="select e.id \"encounter_id\", admit_timestamp, …" db.statement="\n\n\n                                    select e.id \"encounter_id\", admit_timestamp,\n                                        discharge_timestamp as \"discharge_timestamp?\",\n                                        COALESCE(admit_notes, '') as \"admit_notes\",\n                                        COALESCE(discharge_notes, '') as \"discharge_notes\",\n                                        s.name \"encounter_site_name\",\n                                        l.short_name \"room_identifier\",\n                                        CASE WHEN discharge_timestamp is null then 'Y' else 'N' end as \"current_encounter\"\n                                    from encounter e\n                                    join location l on e.location_id = l.id\n                                    join site s on s.id = l.site_id\n                                    where patient_id = 26\n                                    order by admit_timestamp desc\n                                    \n" rows_affected=1 rows_returned=1 elapsed=2.1634ms elapsed_secs=0.0021634
2026-08-29T17:22:05.234349Z DEBUG MapleEMR::ui::simple_fmt: >get_encounter_list_tile()
2026-08-29T17:22:05.235820Z DEBUG sqlx::query: summary="SELECT i.id intervention_id, encounter_id, …" db.statement="\n\n\n                                SELECT i.id intervention_id, encounter_id, i.description, i.notes, location_id, users_id,\n                                     intervention_type_id, status_id,\n                                    l.room_identifier,\n                                    ref1.name \"intervention_type\", \n                                    ref2.name \"status\", i.scheduled_timestamp, i.performed_timestamp\n                                FROM intervention i\n                                join location l on  l.id = i.location_id\n                                join common_reference_type ref1 on i.intervention_type_id = ref1.id\n                                join common_reference_type ref2 on i.status_id = ref2.id \n                                where i.encounter_id = 12\n                                ORDER BY i.id DESC\n                                               \n" rows_affected=1 rows_returned=1 elapsed=1.0946ms elapsed_secs=0.0010946
2026-08-29T17:22:05.235897Z DEBUG MapleEMR::ui::simple_fmt: >get_intervention_list_tile()
2026-08-29T17:22:05.235961Z DEBUG MapleEMR::dao::patient_dao: get_patient_details Query: SELECT p.id "patient_id", e.id "encounter_id", e.location_id "location_id", legal_first_name, legal_last_name, COALESCE(legal_middle_names, '') as "legal_middle_names",
                                                COALESCE(admit_notes, '') as "admit_notes", COALESCE(discharge_notes, '') as "discharge_notes",
                                                birthdate, admit_timestamp,
                                                discharge_timestamp as "discharge_timestamp?",
                                                sin, phn, l2.short_name "location_short_name"
                                            FROM patient p
                                            join encounter e on p.id = e.patient_id
											join location l2 on l2.id = e.location_id
                                            where patient_id = 26
2026-08-29T17:22:05.237761Z DEBUG sqlx::query: summary="SELECT p.id \"patient_id\", e.id …" db.statement="\n\nSELECT p.id \"patient_id\", e.id \"encounter_id\", e.location_id \"location_id\", legal_first_name, legal_last_name, COALESCE(legal_middle_names, '') as \"legal_middle_names\",\n                                                COALESCE(admit_notes, '') as \"admit_notes\", COALESCE(discharge_notes, '') as \"discharge_notes\",\n                                                birthdate, admit_timestamp,\n                                                discharge_timestamp as \"discharge_timestamp?\",\n                                                sin, phn, l2.short_name \"location_short_name\"\n                                            FROM patient p\n                                            join encounter e on p.id = e.patient_id\n\t\t\t\t\t\t\t\t\t\t\tjoin location l2 on l2.id = e.location_id\n                                            where patient_id = 26\n" rows_affected=1 rows_returned=1 elapsed=1.1491ms elapsed_secs=0.0011491
2026-08-29T17:22:05.237915Z DEBUG MapleEMR::dao::patient_dao: >get_patients_at_users_site_no_discharge() Query: SELECT p.id, e.id, e.location_id, legal_first_name, legal_last_name, COALESCE(legal_middle_names, '') as "legal_middle_names",
                                        COALESCE(admit_notes, '') as "admit_notes", COALESCE(discharge_notes, '') as "discharge_notes",
                                        birthdate, admit_timestamp,
                                        discharge_timestamp as "discharge_timestamp?",
                                        phn, l2.short_name "location_short_name"
                                    FROM patient p
                                    join encounter e on p.id = e.patient_id
									join location l2 on l2.id = e.location_id
                                    where discharge_timestamp is null
                                      and location_id in (
                                        select l.id
                                        from location l
                                        where site_id in (
                                        select site_id
                                        from user_permission up
                                        where users_id = 2
                                            and up.site_id = l.site_id)  )
2026-08-29T17:22:05.238907Z DEBUG sqlx::query: summary="SELECT p.id, e.id, e.location_id, …" db.statement="\n\nSELECT p.id, e.id, e.location_id, legal_first_name, legal_last_name, COALESCE(legal_middle_names, '') as \"legal_middle_names\",\n                                        COALESCE(admit_notes, '') as \"admit_notes\", COALESCE(discharge_notes, '') as \"discharge_notes\",\n                                        birthdate, admit_timestamp,\n                                        discharge_timestamp as \"discharge_timestamp?\",\n                                        phn, l2.short_name \"location_short_name\"\n                                    FROM patient p\n                                    join encounter e on p.id = e.patient_id\n\t\t\t\t\t\t\t\t\tjoin location l2 on l2.id = e.location_id\n                                    where discharge_timestamp is null\n                                      and location_id in (\n                                        select l.id\n                                        from location l\n                                        where site_id in (\n                                        select site_id\n                                        from user_permission up\n                                        where users_id = 2\n                                            and up.site_id = l.site_id)  )\n" rows_affected=7 rows_returned=7 elapsed=646.5µs elapsed_secs=0.0006465
2026-08-29T17:22:05.239044Z DEBUG MapleEMR::dao::common_dao: get_common_references()
2026-08-29T17:22:05.239874Z DEBUG sqlx::query: summary="select id, name, description …" db.statement="\n\nselect id, name, description from common_reference_type where group_id = 1 ORDER BY NAME\n" rows_affected=19 rows_returned=19 elapsed=501.2µs elapsed_secs=0.0005012
2026-08-29T17:22:05.239928Z DEBUG MapleEMR::ui::tile_factory: >get_patient_details_full_tile()
2026-08-29T17:22:05.240008Z DEBUG MapleEMR::ui::common: > get_dropdown_generic(intervention_type_id)
2026-08-29T17:22:06.399171Z DEBUG MapleEMR::route::intervention_route: -> Route Requested: /intvlink  route_to_modify_intervention_basic()
2026-08-29T17:22:06.399256Z DEBUG MapleEMR::route::intervention_route: -> Route Requested: /intv  (add/modify)
2026-08-29T17:22:06.399326Z DEBUG MapleEMR::route::intervention_route:    Intervention exists: view existing Intervention
2026-08-29T17:22:06.403881Z DEBUG sqlx::query: summary="SELECT i.id intervention_id, encounter_id, …" db.statement="\n\nSELECT i.id intervention_id,\n                                                encounter_id,\n                                                i.description,\n                                                i.notes,\n                                                i.location_id,\n                                                users_id,\n                                                intervention_type_id,\n                                                status_id,\n                                                l.room_identifier,\n                                                ref1.name \"intervention_type\", \n                                                ref2.name \"status\",\n                                                i.scheduled_timestamp,\n                                                i.performed_timestamp,\n                                                e.patient_id\n                                            FROM intervention i\n                                            join encounter e ON e.id = i.encounter_id\n                                            join location l on  l.id = i.location_id\n                                            join common_reference_type ref1 on i.intervention_type_id = ref1.id\n                                            join common_reference_type ref2 on i.status_id = ref2.id \n                                            where i.id = 15\n                                              \n" rows_affected=1 rows_returned=1 elapsed=3.9334ms elapsed_secs=0.0039334
2026-08-29T17:22:06.413454Z DEBUG sqlx::query: summary="SELECT i.id \"intervention_details_id\", value, …" db.statement="\n\n\n                                                    SELECT i.id \"intervention_details_id\", value, notes, entry_timestamp, ref1.name \"intervention_type\", intervention_id, type_id\n                                                        FROM intervention_details i\n                                                        JOIN common_reference_type ref1 on i.type_id = ref1.id \n                                                        WHERE i.intervention_id = 15\n                                                \n" rows_affected=0 rows_returned=0 elapsed=8.2576ms elapsed_secs=0.0082576
2026-08-29T17:22:06.413566Z DEBUG MapleEMR::dao::intervention_dao: No intervention details found for intervention_id: 15 [0]
2026-08-29T17:22:06.413632Z DEBUG MapleEMR::dao::intervention_dao: get_interventions_details() Query: 
                                                    SELECT i.id "intervention_details_id", value, notes, entry_timestamp, ref1.name "intervention_type", intervention_id, type_id
                                                        FROM intervention_details i
                                                        JOIN common_reference_type ref1 on i.type_id = ref1.id 
                                                        WHERE i.intervention_id = 15
                                                
2026-08-29T17:22:06.413736Z DEBUG MapleEMR::dao::patient_dao: >get_patients_at_users_site_no_discharge() Query: SELECT p.id, e.id, e.location_id, legal_first_name, legal_last_name, COALESCE(legal_middle_names, '') as "legal_middle_names",
                                        COALESCE(admit_notes, '') as "admit_notes", COALESCE(discharge_notes, '') as "discharge_notes",
                                        birthdate, admit_timestamp,
                                        discharge_timestamp as "discharge_timestamp?",
                                        phn, l2.short_name "location_short_name"
                                    FROM patient p
                                    join encounter e on p.id = e.patient_id
									join location l2 on l2.id = e.location_id
                                    where discharge_timestamp is null
                                      and location_id in (
                                        select l.id
                                        from location l
                                        where site_id in (
                                        select site_id
                                        from user_permission up
                                        where users_id = 2
                                            and up.site_id = l.site_id)  )
2026-08-29T17:22:06.414849Z DEBUG sqlx::query: summary="SELECT p.id, e.id, e.location_id, …" db.statement="\n\nSELECT p.id, e.id, e.location_id, legal_first_name, legal_last_name, COALESCE(legal_middle_names, '') as \"legal_middle_names\",\n                                        COALESCE(admit_notes, '') as \"admit_notes\", COALESCE(discharge_notes, '') as \"discharge_notes\",\n                                        birthdate, admit_timestamp,\n                                        discharge_timestamp as \"discharge_timestamp?\",\n                                        phn, l2.short_name \"location_short_name\"\n                                    FROM patient p\n                                    join encounter e on p.id = e.patient_id\n\t\t\t\t\t\t\t\t\tjoin location l2 on l2.id = e.location_id\n                                    where discharge_timestamp is null\n                                      and location_id in (\n                                        select l.id\n                                        from location l\n                                        where site_id in (\n                                        select site_id\n                                        from user_permission up\n                                        where users_id = 2\n                                            and up.site_id = l.site_id)  )\n" rows_affected=7 rows_returned=7 elapsed=727.9µs elapsed_secs=0.0007279
2026-08-29T17:22:06.414973Z DEBUG MapleEMR::dao::auth_dao: get_user_and_departments_at_current_user_sites()
2026-08-29T17:22:06.416014Z DEBUG sqlx::query: summary="select distinct u.id user_id, …" db.statement="\n\n\n                                                select distinct u.id user_id,\n                                                    d.name || ' ('|| u.name||')' \"name\",\n                                                    u.name \"user_name\"\n                                                from user_permission up\n                                                join users u on up.users_id = u.id\n                                                join department d on up.department_id = d.id\n                                                where up.active_flag = 'Y'\n                                                and site_id is not null\n\t\t\t\t\t\t\t\t\t\t\t\torder by  d.name || ' ('|| u.name||')'\n                                                \n" rows_affected=10 rows_returned=10 elapsed=635.9µs elapsed_secs=0.0006359
2026-08-29T17:22:06.416130Z DEBUG MapleEMR::dao::common_dao: get_common_reference()
2026-08-29T17:22:06.417307Z DEBUG sqlx::query: summary="SELECT id, name, description …" db.statement="\n\nSELECT id, name, description FROM common_reference_type WHERE ID = 9 LIMIT 1\n" rows_affected=1 rows_returned=1 elapsed=804.1µs elapsed_secs=0.0008041
2026-08-29T17:22:06.417413Z DEBUG MapleEMR::dao::common_dao: get_common_references()
2026-08-29T17:22:06.418303Z DEBUG sqlx::query: summary="select id, name, description …" db.statement="\n\nselect id, name, description from common_reference_type where group_id = 5 ORDER BY NAME\n" rows_affected=3 rows_returned=3 elapsed=342.5µs elapsed_secs=0.0003425
2026-08-29T17:22:06.418364Z DEBUG MapleEMR::dao::common_dao: get_common_references()
2026-08-29T17:22:06.418938Z DEBUG sqlx::query: summary="select id, name, description …" db.statement="\n\nselect id, name, description from common_reference_type where group_id = 2 ORDER BY NAME\n" rows_affected=6 rows_returned=6 elapsed=327.2µs elapsed_secs=0.0003272
2026-08-29T17:22:06.418991Z DEBUG MapleEMR::dao::common_dao: get_locations_for_user()
2026-08-29T17:22:06.419703Z DEBUG sqlx::query: summary="select id, name || …" db.statement="\n\n\n                                        select id, name || ' (' || short_name|| ')' from location\n                                        where active_flag = 'Y'\n                                        and site_id in (\n                                            select site_id\n                                            from user_permission\n                                            where users_id = 2\n                                                and active_flag = 'Y' )\n" rows_affected=34 rows_returned=34 elapsed=474.1µs elapsed_secs=0.0004741
2026-08-29T17:22:06.419758Z DEBUG MapleEMR::ui::common: > get_location_dropdown()
2026-08-29T17:22:06.419805Z DEBUG MapleEMR::ui::tile_factory: >get_modify_intervention_full_page_tile()
2026-08-29T17:22:06.419841Z DEBUG MapleEMR::ui::tile_factory:   Update existing Intervention
2026-08-29T17:22:06.419853Z DEBUG MapleEMR::ui::common: > get_dropdown_generic(users_id)
2026-08-29T17:22:06.419875Z DEBUG MapleEMR::ui::common: > get_dropdown_generic(status_id)
2026-08-29T17:22:06.419897Z DEBUG MapleEMR::ui::intervention_fmt: >get_view_only_intervention_details_list()
2026-08-29T17:22:14.112482Z DEBUG MapleEMR::route::intervention_route: -> Route Requested: /route_to_discharge_patient_save 
2026-08-29T17:22:14.112927Z DEBUG MapleEMR::dao::intervention_dao:   > upsert_intervention_from_intv_form (Intervention id=15)
2026-08-29T17:22:14.113242Z DEBUG MapleEMR::dao::intervention_dao:  >> Intervention Upsert query: 
    UPDATE INTERVENTION
    SET description='good, relatively speaking',
        notes='no universal theory',
        location_id=20,
        users_id=2,
        encounter_id=12,
        intervention_type_id=9,
        status_id=13, 
        scheduled_timestamp=to_timestamp('2026-Aug-22 17:02:11', 'YYYY-Mon-DD HH24:MI:SS'),
        performed_timestamp=to_timestamp('2026-Aug-22 17:02:11', 'YYYY-Mon-DD HH24:MI:SS')
    WHERE id=15 RETURNING ID;

2026-08-29T17:22:14.132956Z DEBUG sqlx::query: summary="UPDATE INTERVENTION SET description='good, …" db.statement="\n\n\n    UPDATE INTERVENTION\n    SET description='good, relatively speaking',\n        notes='no universal theory',\n        location_id=20,\n        users_id=2,\n        encounter_id=12,\n        intervention_type_id=9,\n        status_id=13, \n        scheduled_timestamp=to_timestamp('2026-Aug-22 17:02:11', 'YYYY-Mon-DD HH24:MI:SS'),\n        performed_timestamp=to_timestamp('2026-Aug-22 17:02:11', 'YYYY-Mon-DD HH24:MI:SS')\n    WHERE id=15 RETURNING ID;\n\n" rows_affected=1 rows_returned=1 elapsed=18.6193ms elapsed_secs=0.0186193
2026-08-29T17:22:14.133254Z DEBUG MapleEMR::route::intervention_route:   >Intervention (id=15)] created/updated
2026-08-29T17:22:14.133334Z DEBUG MapleEMR::route::intervention_route: -> Route Requested: /intv  (add/modify)
2026-08-29T17:22:14.133564Z DEBUG MapleEMR::route::intervention_route:    Intervention exists: view existing Intervention
2026-08-29T17:22:14.136044Z DEBUG sqlx::query: summary="SELECT i.id intervention_id, encounter_id, …" db.statement="\n\nSELECT i.id intervention_id,\n                                                encounter_id,\n                                                i.description,\n                                                i.notes,\n                                                i.location_id,\n                                                users_id,\n                                                intervention_type_id,\n                                                status_id,\n                                                l.room_identifier,\n                                                ref1.name \"intervention_type\", \n                                                ref2.name \"status\",\n                                                i.scheduled_timestamp,\n                                                i.performed_timestamp,\n                                                e.patient_id\n                                            FROM intervention i\n                                            join encounter e ON e.id = i.encounter_id\n                                            join location l on  l.id = i.location_id\n                                            join common_reference_type ref1 on i.intervention_type_id = ref1.id\n                                            join common_reference_type ref2 on i.status_id = ref2.id \n                                            where i.id = 15\n                                              \n" rows_affected=1 rows_returned=1 elapsed=1.3015ms elapsed_secs=0.0013015
2026-08-29T17:22:14.139617Z DEBUG sqlx::query: summary="SELECT i.id \"intervention_details_id\", value, …" db.statement="\n\n\n                                                    SELECT i.id \"intervention_details_id\", value, notes, entry_timestamp, ref1.name \"intervention_type\", intervention_id, type_id\n                                                        FROM intervention_details i\n                                                        JOIN common_reference_type ref1 on i.type_id = ref1.id \n                                                        WHERE i.intervention_id = 15\n                                                \n" rows_affected=0 rows_returned=0 elapsed=939.8µs elapsed_secs=0.0009398
2026-08-29T17:22:14.139824Z DEBUG MapleEMR::dao::intervention_dao: No intervention details found for intervention_id: 15 [0]
2026-08-29T17:22:14.139893Z DEBUG MapleEMR::dao::intervention_dao: get_interventions_details() Query: 
                                                    SELECT i.id "intervention_details_id", value, notes, entry_timestamp, ref1.name "intervention_type", intervention_id, type_id
                                                        FROM intervention_details i
                                                        JOIN common_reference_type ref1 on i.type_id = ref1.id 
                                                        WHERE i.intervention_id = 15
                                                
2026-08-29T17:22:14.140066Z DEBUG MapleEMR::dao::patient_dao: >get_patients_at_users_site_no_discharge() Query: SELECT p.id, e.id, e.location_id, legal_first_name, legal_last_name, COALESCE(legal_middle_names, '') as "legal_middle_names",
                                        COALESCE(admit_notes, '') as "admit_notes", COALESCE(discharge_notes, '') as "discharge_notes",
                                        birthdate, admit_timestamp,
                                        discharge_timestamp as "discharge_timestamp?",
                                        phn, l2.short_name "location_short_name"
                                    FROM patient p
                                    join encounter e on p.id = e.patient_id
									join location l2 on l2.id = e.location_id
                                    where discharge_timestamp is null
                                      and location_id in (
                                        select l.id
                                        from location l
                                        where site_id in (
                                        select site_id
                                        from user_permission up
                                        where users_id = 2
                                            and up.site_id = l.site_id)  )
2026-08-29T17:22:14.144806Z DEBUG sqlx::query: summary="SELECT p.id, e.id, e.location_id, …" db.statement="\n\nSELECT p.id, e.id, e.location_id, legal_first_name, legal_last_name, COALESCE(legal_middle_names, '') as \"legal_middle_names\",\n                                        COALESCE(admit_notes, '') as \"admit_notes\", COALESCE(discharge_notes, '') as \"discharge_notes\",\n                                        birthdate, admit_timestamp,\n                                        discharge_timestamp as \"discharge_timestamp?\",\n                                        phn, l2.short_name \"location_short_name\"\n                                    FROM patient p\n                                    join encounter e on p.id = e.patient_id\n\t\t\t\t\t\t\t\t\tjoin location l2 on l2.id = e.location_id\n                                    where discharge_timestamp is null\n                                      and location_id in (\n                                        select l.id\n                                        from location l\n                                        where site_id in (\n                                        select site_id\n                                        from user_permission up\n                                        where users_id = 2\n                                            and up.site_id = l.site_id)  )\n" rows_affected=7 rows_returned=7 elapsed=3.6207ms elapsed_secs=0.0036207
2026-08-29T17:22:14.145538Z DEBUG MapleEMR::dao::auth_dao: get_user_and_departments_at_current_user_sites()
2026-08-29T17:22:14.151793Z DEBUG sqlx::query: summary="select distinct u.id user_id, …" db.statement="\n\n\n                                                select distinct u.id user_id,\n                                                    d.name || ' ('|| u.name||')' \"name\",\n                                                    u.name \"user_name\"\n                                                from user_permission up\n                                                join users u on up.users_id = u.id\n                                                join department d on up.department_id = d.id\n                                                where up.active_flag = 'Y'\n                                                and site_id is not null\n\t\t\t\t\t\t\t\t\t\t\t\torder by  d.name || ' ('|| u.name||')'\n                                                \n" rows_affected=10 rows_returned=10 elapsed=4.0006ms elapsed_secs=0.0040006
2026-08-29T17:22:14.152204Z DEBUG MapleEMR::dao::common_dao: get_common_reference()
2026-08-29T17:22:14.154326Z DEBUG sqlx::query: summary="SELECT id, name, description …" db.statement="\n\nSELECT id, name, description FROM common_reference_type WHERE ID = 9 LIMIT 1\n" rows_affected=1 rows_returned=1 elapsed=856.7µs elapsed_secs=0.0008567
2026-08-29T17:22:14.154550Z DEBUG MapleEMR::dao::common_dao: get_common_references()
2026-08-29T17:22:14.158861Z DEBUG sqlx::query: summary="select id, name, description …" db.statement="\n\nselect id, name, description from common_reference_type where group_id = 5 ORDER BY NAME\n" rows_affected=3 rows_returned=3 elapsed=2.5646ms elapsed_secs=0.0025646
2026-08-29T17:22:14.161654Z DEBUG MapleEMR::dao::common_dao: get_common_references()
2026-08-29T17:22:14.337241Z DEBUG sqlx::query: summary="select id, name, description …" db.statement="\n\nselect id, name, description from common_reference_type where group_id = 2 ORDER BY NAME\n" rows_affected=6 rows_returned=6 elapsed=3.2941ms elapsed_secs=0.0032941
2026-08-29T17:22:14.337318Z DEBUG MapleEMR::dao::common_dao: get_locations_for_user()
2026-08-29T17:22:14.338211Z DEBUG sqlx::query: summary="select id, name || …" db.statement="\n\n\n                                        select id, name || ' (' || short_name|| ')' from location\n                                        where active_flag = 'Y'\n                                        and site_id in (\n                                            select site_id\n                                            from user_permission\n                                            where users_id = 2\n                                                and active_flag = 'Y' )\n" rows_affected=34 rows_returned=34 elapsed=515µs elapsed_secs=0.000515
2026-08-29T17:22:14.338270Z DEBUG MapleEMR::ui::common: > get_location_dropdown()
2026-08-29T17:22:14.338324Z DEBUG MapleEMR::ui::tile_factory: >get_modify_intervention_full_page_tile()
2026-08-29T17:22:14.338357Z DEBUG MapleEMR::ui::tile_factory:   Update existing Intervention
2026-08-29T17:22:14.338369Z DEBUG MapleEMR::ui::common: > get_dropdown_generic(users_id)
2026-08-29T17:22:14.338406Z DEBUG MapleEMR::ui::common: > get_dropdown_generic(status_id)
2026-08-29T17:22:14.338440Z DEBUG MapleEMR::ui::intervention_fmt: >get_view_only_intervention_details_list()
2026-08-29T17:22:16.224728Z DEBUG MapleEMR::route::intervention_route: -> Route Requested: /route_to_discharge_patient_save 
2026-08-29T17:22:16.224871Z DEBUG MapleEMR::dao::intervention_dao:   > upsert_intervention_from_intv_form (Intervention id=15)
2026-08-29T17:22:16.224938Z DEBUG MapleEMR::dao::intervention_dao:  >> Intervention Upsert query: 
    UPDATE INTERVENTION
    SET description='good, relatively speaking',
        notes='no universal theory',
        location_id=20,
        users_id=2,
        encounter_id=12,
        intervention_type_id=9,
        status_id=13, 
        scheduled_timestamp=to_timestamp('2026-Aug-22 17:02:11', 'YYYY-Mon-DD HH24:MI:SS'),
        performed_timestamp=to_timestamp('2026-Aug-22 17:02:11', 'YYYY-Mon-DD HH24:MI:SS')
    WHERE id=15 RETURNING ID;

2026-08-29T17:22:16.231538Z DEBUG sqlx::query: summary="UPDATE INTERVENTION SET description='good, …" db.statement="\n\n\n    UPDATE INTERVENTION\n    SET description='good, relatively speaking',\n        notes='no universal theory',\n        location_id=20,\n        users_id=2,\n        encounter_id=12,\n        intervention_type_id=9,\n        status_id=13, \n        scheduled_timestamp=to_timestamp('2026-Aug-22 17:02:11', 'YYYY-Mon-DD HH24:MI:SS'),\n        performed_timestamp=to_timestamp('2026-Aug-22 17:02:11', 'YYYY-Mon-DD HH24:MI:SS')\n    WHERE id=15 RETURNING ID;\n\n" rows_affected=1 rows_returned=1 elapsed=6.0632ms elapsed_secs=0.0060632
2026-08-29T17:22:16.231644Z DEBUG MapleEMR::route::intervention_route:   >Intervention (id=15)] created/updated
2026-08-29T17:22:16.231710Z DEBUG MapleEMR::route::intervention_route: -> Route Requested: /intv  (add/modify)
2026-08-29T17:22:16.231824Z DEBUG MapleEMR::route::intervention_route:    Intervention exists: view existing Intervention
2026-08-29T17:22:16.234291Z DEBUG sqlx::query: summary="SELECT i.id intervention_id, encounter_id, …" db.statement="\n\nSELECT i.id intervention_id,\n                                                encounter_id,\n                                                i.description,\n                                                i.notes,\n                                                i.location_id,\n                                                users_id,\n                                                intervention_type_id,\n                                                status_id,\n                                                l.room_identifier,\n                                                ref1.name \"intervention_type\", \n                                                ref2.name \"status\",\n                                                i.scheduled_timestamp,\n                                                i.performed_timestamp,\n                                                e.patient_id\n                                            FROM intervention i\n                                            join encounter e ON e.id = i.encounter_id\n                                            join location l on  l.id = i.location_id\n                                            join common_reference_type ref1 on i.intervention_type_id = ref1.id\n                                            join common_reference_type ref2 on i.status_id = ref2.id \n                                            where i.id = 15\n                                              \n" rows_affected=1 rows_returned=1 elapsed=2.0009ms elapsed_secs=0.0020009
2026-08-29T17:22:16.238114Z DEBUG sqlx::query: summary="SELECT i.id \"intervention_details_id\", value, …" db.statement="\n\n\n                                                    SELECT i.id \"intervention_details_id\", value, notes, entry_timestamp, ref1.name \"intervention_type\", intervention_id, type_id\n                                                        FROM intervention_details i\n                                                        JOIN common_reference_type ref1 on i.type_id = ref1.id \n                                                        WHERE i.intervention_id = 15\n                                                \n" rows_affected=0 rows_returned=0 elapsed=2.4069ms elapsed_secs=0.0024069
2026-08-29T17:22:16.238193Z DEBUG MapleEMR::dao::intervention_dao: No intervention details found for intervention_id: 15 [0]
2026-08-29T17:22:16.238210Z DEBUG MapleEMR::dao::intervention_dao: get_interventions_details() Query: 
                                                    SELECT i.id "intervention_details_id", value, notes, entry_timestamp, ref1.name "intervention_type", intervention_id, type_id
                                                        FROM intervention_details i
                                                        JOIN common_reference_type ref1 on i.type_id = ref1.id 
                                                        WHERE i.intervention_id = 15
                                                
2026-08-29T17:22:16.238251Z DEBUG MapleEMR::dao::patient_dao: >get_patients_at_users_site_no_discharge() Query: SELECT p.id, e.id, e.location_id, legal_first_name, legal_last_name, COALESCE(legal_middle_names, '') as "legal_middle_names",
                                        COALESCE(admit_notes, '') as "admit_notes", COALESCE(discharge_notes, '') as "discharge_notes",
                                        birthdate, admit_timestamp,
                                        discharge_timestamp as "discharge_timestamp?",
                                        phn, l2.short_name "location_short_name"
                                    FROM patient p
                                    join encounter e on p.id = e.patient_id
									join location l2 on l2.id = e.location_id
                                    where discharge_timestamp is null
                                      and location_id in (
                                        select l.id
                                        from location l
                                        where site_id in (
                                        select site_id
                                        from user_permission up
                                        where users_id = 2
                                            and up.site_id = l.site_id)  )
2026-08-29T17:22:16.239962Z DEBUG sqlx::query: summary="SELECT p.id, e.id, e.location_id, …" db.statement="\n\nSELECT p.id, e.id, e.location_id, legal_first_name, legal_last_name, COALESCE(legal_middle_names, '') as \"legal_middle_names\",\n                                        COALESCE(admit_notes, '') as \"admit_notes\", COALESCE(discharge_notes, '') as \"discharge_notes\",\n                                        birthdate, admit_timestamp,\n                                        discharge_timestamp as \"discharge_timestamp?\",\n                                        phn, l2.short_name \"location_short_name\"\n                                    FROM patient p\n                                    join encounter e on p.id = e.patient_id\n\t\t\t\t\t\t\t\t\tjoin location l2 on l2.id = e.location_id\n                                    where discharge_timestamp is null\n                                      and location_id in (\n                                        select l.id\n                                        from location l\n                                        where site_id in (\n                                        select site_id\n                                        from user_permission up\n                                        where users_id = 2\n                                            and up.site_id = l.site_id)  )\n" rows_affected=7 rows_returned=7 elapsed=1.3394ms elapsed_secs=0.0013394
2026-08-29T17:22:16.240052Z DEBUG MapleEMR::dao::auth_dao: get_user_and_departments_at_current_user_sites()
2026-08-29T17:22:16.251912Z DEBUG sqlx::query: summary="select distinct u.id user_id, …" db.statement="\n\n\n                                                select distinct u.id user_id,\n                                                    d.name || ' ('|| u.name||')' \"name\",\n                                                    u.name \"user_name\"\n                                                from user_permission up\n                                                join users u on up.users_id = u.id\n                                                join department d on up.department_id = d.id\n                                                where up.active_flag = 'Y'\n                                                and site_id is not null\n\t\t\t\t\t\t\t\t\t\t\t\torder by  d.name || ' ('|| u.name||')'\n                                                \n" rows_affected=10 rows_returned=10 elapsed=11.5508ms elapsed_secs=0.0115508
2026-08-29T17:22:16.251999Z DEBUG MapleEMR::dao::common_dao: get_common_reference()
2026-08-29T17:22:16.252985Z DEBUG sqlx::query: summary="SELECT id, name, description …" db.statement="\n\nSELECT id, name, description FROM common_reference_type WHERE ID = 9 LIMIT 1\n" rows_affected=1 rows_returned=1 elapsed=680.1µs elapsed_secs=0.0006801
2026-08-29T17:22:16.253035Z DEBUG MapleEMR::dao::common_dao: get_common_references()
2026-08-29T17:22:16.253891Z DEBUG sqlx::query: summary="select id, name, description …" db.statement="\n\nselect id, name, description from common_reference_type where group_id = 5 ORDER BY NAME\n" rows_affected=3 rows_returned=3 elapsed=561.7µs elapsed_secs=0.0005617
2026-08-29T17:22:16.253938Z DEBUG MapleEMR::dao::common_dao: get_common_references()
2026-08-29T17:22:16.254499Z DEBUG sqlx::query: summary="select id, name, description …" db.statement="\n\nselect id, name, description from common_reference_type where group_id = 2 ORDER BY NAME\n" rows_affected=6 rows_returned=6 elapsed=306.5µs elapsed_secs=0.0003065
2026-08-29T17:22:16.254549Z DEBUG MapleEMR::dao::common_dao: get_locations_for_user()
2026-08-29T17:22:16.255300Z DEBUG sqlx::query: summary="select id, name || …" db.statement="\n\n\n                                        select id, name || ' (' || short_name|| ')' from location\n                                        where active_flag = 'Y'\n                                        and site_id in (\n                                            select site_id\n                                            from user_permission\n                                            where users_id = 2\n                                                and active_flag = 'Y' )\n" rows_affected=34 rows_returned=34 elapsed=484µs elapsed_secs=0.000484
2026-08-29T17:22:16.255355Z DEBUG MapleEMR::ui::common: > get_location_dropdown()
2026-08-29T17:22:16.255398Z DEBUG MapleEMR::ui::tile_factory: >get_modify_intervention_full_page_tile()
2026-08-29T17:22:16.255435Z DEBUG MapleEMR::ui::tile_factory:   Update existing Intervention
2026-08-29T17:22:16.255447Z DEBUG MapleEMR::ui::common: > get_dropdown_generic(users_id)
2026-08-29T17:22:16.255469Z DEBUG MapleEMR::ui::common: > get_dropdown_generic(status_id)
2026-08-29T17:22:16.255495Z DEBUG MapleEMR::ui::intervention_fmt: >get_view_only_intervention_details_list()
2026-08-29T17:22:17.795247Z DEBUG MapleEMR::route::patient_route: -> /patientdtls Route Requested
2026-08-29T17:22:17.797319Z DEBUG sqlx::query: summary="select e.id \"encounter_id\", admit_timestamp, …" db.statement="\n\n\n                                    select e.id \"encounter_id\", admit_timestamp,\n                                        discharge_timestamp as \"discharge_timestamp?\",\n                                        COALESCE(admit_notes, '') as \"admit_notes\",\n                                        COALESCE(discharge_notes, '') as \"discharge_notes\",\n                                        s.name \"encounter_site_name\",\n                                        l.short_name \"room_identifier\",\n                                        'Y' as \"current_encounter\"\n                                    from encounter e\n                                    join location l on e.location_id = l.id\n                                    join site s on s.id = l.site_id\n                                    where patient_id = 26\n                                      and discharge_timestamp is null\n                                      limit 1\n                                    \n" rows_affected=1 rows_returned=1 elapsed=1.2418ms elapsed_secs=0.0012418
2026-08-29T17:22:17.803825Z DEBUG sqlx::query: summary="SELECT i.id intervention_id, encounter_id, …" db.statement="\n\n\n                                SELECT i.id intervention_id, encounter_id, i.description, i.notes, location_id, users_id,\n                                    intervention_type_id, status_id,\n                                    l.room_identifier,\n                                    ref1.name \"intervention_type\", \n                                    ref2.name \"status\", i.scheduled_timestamp, i.performed_timestamp\n                                FROM intervention i\n                                join location l on  l.id = i.location_id\n                                join common_reference_type ref1 on i.intervention_type_id = ref1.id\n                                join common_reference_type ref2 on i.status_id = ref2.id \n                                where i.encounter_id = 12\n                                  AND i.intervention_type_id = 38\n                                ORDER BY i.id DESC LIMIT 1\n                                                \n" rows_affected=0 rows_returned=0 elapsed=5.3392ms elapsed_secs=0.0053392
2026-08-29T17:22:17.803902Z DEBUG MapleEMR::dao::intervention_dao: No Interventions found for encounter_id: 12 [count=0]
2026-08-29T17:22:17.805103Z DEBUG sqlx::query: summary="select e.id \"encounter_id\", admit_timestamp, …" db.statement="\n\n\n                                    select e.id \"encounter_id\", admit_timestamp,\n                                        discharge_timestamp as \"discharge_timestamp?\",\n                                        COALESCE(admit_notes, '') as \"admit_notes\",\n                                        COALESCE(discharge_notes, '') as \"discharge_notes\",\n                                        s.name \"encounter_site_name\",\n                                        l.short_name \"room_identifier\",\n                                        CASE WHEN discharge_timestamp is null then 'Y' else 'N' end as \"current_encounter\"\n                                    from encounter e\n                                    join location l on e.location_id = l.id\n                                    join site s on s.id = l.site_id\n                                    where patient_id = 26\n                                    order by admit_timestamp desc\n                                    \n" rows_affected=1 rows_returned=1 elapsed=859.3µs elapsed_secs=0.0008593
2026-08-29T17:22:17.805158Z DEBUG MapleEMR::ui::simple_fmt: >get_encounter_list_tile()
2026-08-29T17:22:17.806504Z DEBUG sqlx::query: summary="SELECT i.id intervention_id, encounter_id, …" db.statement="\n\n\n                                SELECT i.id intervention_id, encounter_id, i.description, i.notes, location_id, users_id,\n                                     intervention_type_id, status_id,\n                                    l.room_identifier,\n                                    ref1.name \"intervention_type\", \n                                    ref2.name \"status\", i.scheduled_timestamp, i.performed_timestamp\n                                FROM intervention i\n                                join location l on  l.id = i.location_id\n                                join common_reference_type ref1 on i.intervention_type_id = ref1.id\n                                join common_reference_type ref2 on i.status_id = ref2.id \n                                where i.encounter_id = 12\n                                ORDER BY i.id DESC\n                                               \n" rows_affected=1 rows_returned=1 elapsed=1.0366ms elapsed_secs=0.0010366
2026-08-29T17:22:17.806564Z DEBUG MapleEMR::ui::simple_fmt: >get_intervention_list_tile()
2026-08-29T17:22:17.806625Z DEBUG MapleEMR::dao::patient_dao: get_patient_details Query: SELECT p.id "patient_id", e.id "encounter_id", e.location_id "location_id", legal_first_name, legal_last_name, COALESCE(legal_middle_names, '') as "legal_middle_names",
                                                COALESCE(admit_notes, '') as "admit_notes", COALESCE(discharge_notes, '') as "discharge_notes",
                                                birthdate, admit_timestamp,
                                                discharge_timestamp as "discharge_timestamp?",
                                                sin, phn, l2.short_name "location_short_name"
                                            FROM patient p
                                            join encounter e on p.id = e.patient_id
											join location l2 on l2.id = e.location_id
                                            where patient_id = 26
2026-08-29T17:22:17.807958Z DEBUG sqlx::query: summary="SELECT p.id \"patient_id\", e.id …" db.statement="\n\nSELECT p.id \"patient_id\", e.id \"encounter_id\", e.location_id \"location_id\", legal_first_name, legal_last_name, COALESCE(legal_middle_names, '') as \"legal_middle_names\",\n                                                COALESCE(admit_notes, '') as \"admit_notes\", COALESCE(discharge_notes, '') as \"discharge_notes\",\n                                                birthdate, admit_timestamp,\n                                                discharge_timestamp as \"discharge_timestamp?\",\n                                                sin, phn, l2.short_name \"location_short_name\"\n                                            FROM patient p\n                                            join encounter e on p.id = e.patient_id\n\t\t\t\t\t\t\t\t\t\t\tjoin location l2 on l2.id = e.location_id\n                                            where patient_id = 26\n" rows_affected=1 rows_returned=1 elapsed=1.0303ms elapsed_secs=0.0010303
2026-08-29T17:22:17.808061Z DEBUG MapleEMR::dao::patient_dao: >get_patients_at_users_site_no_discharge() Query: SELECT p.id, e.id, e.location_id, legal_first_name, legal_last_name, COALESCE(legal_middle_names, '') as "legal_middle_names",
                                        COALESCE(admit_notes, '') as "admit_notes", COALESCE(discharge_notes, '') as "discharge_notes",
                                        birthdate, admit_timestamp,
                                        discharge_timestamp as "discharge_timestamp?",
                                        phn, l2.short_name "location_short_name"
                                    FROM patient p
                                    join encounter e on p.id = e.patient_id
									join location l2 on l2.id = e.location_id
                                    where discharge_timestamp is null
                                      and location_id in (
                                        select l.id
                                        from location l
                                        where site_id in (
                                        select site_id
                                        from user_permission up
                                        where users_id = 2
                                            and up.site_id = l.site_id)  )
2026-08-29T17:22:17.817907Z DEBUG sqlx::query: summary="SELECT p.id, e.id, e.location_id, …" db.statement="\n\nSELECT p.id, e.id, e.location_id, legal_first_name, legal_last_name, COALESCE(legal_middle_names, '') as \"legal_middle_names\",\n                                        COALESCE(admit_notes, '') as \"admit_notes\", COALESCE(discharge_notes, '') as \"discharge_notes\",\n                                        birthdate, admit_timestamp,\n                                        discharge_timestamp as \"discharge_timestamp?\",\n                                        phn, l2.short_name \"location_short_name\"\n                                    FROM patient p\n                                    join encounter e on p.id = e.patient_id\n\t\t\t\t\t\t\t\t\tjoin location l2 on l2.id = e.location_id\n                                    where discharge_timestamp is null\n                                      and location_id in (\n                                        select l.id\n                                        from location l\n                                        where site_id in (\n                                        select site_id\n                                        from user_permission up\n                                        where users_id = 2\n                                            and up.site_id = l.site_id)  )\n" rows_affected=7 rows_returned=7 elapsed=9.4969ms elapsed_secs=0.0094969
2026-08-29T17:22:17.818001Z DEBUG MapleEMR::dao::common_dao: get_common_references()
2026-08-29T17:22:17.818724Z DEBUG sqlx::query: summary="select id, name, description …" db.statement="\n\nselect id, name, description from common_reference_type where group_id = 1 ORDER BY NAME\n" rows_affected=19 rows_returned=19 elapsed=401µs elapsed_secs=0.000401
2026-08-29T17:22:17.818770Z DEBUG MapleEMR::ui::tile_factory: >get_patient_details_full_tile()
2026-08-29T17:22:17.818850Z DEBUG MapleEMR::ui::common: > get_dropdown_generic(intervention_type_id)
2026-08-29T17:22:20.566195Z DEBUG MapleEMR::route::intervention_route: -> Route Requested: /route_to_discharge_patient_save 
2026-08-29T17:22:20.566283Z DEBUG MapleEMR::dao::intervention_dao:   > upsert_intervention_from_intv_form (Intervention id=15)
2026-08-29T17:22:20.566347Z DEBUG MapleEMR::dao::intervention_dao:  >> Intervention Upsert query: 
    UPDATE INTERVENTION
    SET description='good, relatively speaking',
        notes='no universal theory',
        location_id=20,
        users_id=2,
        encounter_id=12,
        intervention_type_id=9,
        status_id=13, 
        scheduled_timestamp=to_timestamp('2026-Aug-22 17:02:11', 'YYYY-Mon-DD HH24:MI:SS'),
        performed_timestamp=to_timestamp('2026-Aug-22 17:02:11', 'YYYY-Mon-DD HH24:MI:SS')
    WHERE id=15 RETURNING ID;

2026-08-29T17:22:20.568477Z DEBUG sqlx::query: summary="UPDATE INTERVENTION SET description='good, …" db.statement="\n\n\n    UPDATE INTERVENTION\n    SET description='good, relatively speaking',\n        notes='no universal theory',\n        location_id=20,\n        users_id=2,\n        encounter_id=12,\n        intervention_type_id=9,\n        status_id=13, \n        scheduled_timestamp=to_timestamp('2026-Aug-22 17:02:11', 'YYYY-Mon-DD HH24:MI:SS'),\n        performed_timestamp=to_timestamp('2026-Aug-22 17:02:11', 'YYYY-Mon-DD HH24:MI:SS')\n    WHERE id=15 RETURNING ID;\n\n" rows_affected=1 rows_returned=1 elapsed=1.6698ms elapsed_secs=0.0016698
2026-08-29T17:22:20.568657Z DEBUG MapleEMR::route::intervention_route:   >Intervention (id=15)] created/updated
2026-08-29T17:22:20.568681Z DEBUG MapleEMR::route::intervention_route: -> Route Requested: /intv  (add/modify)
2026-08-29T17:22:20.569597Z DEBUG MapleEMR::route::intervention_route:    Intervention exists: view existing Intervention
2026-08-29T17:22:20.570669Z DEBUG sqlx::query: summary="SELECT i.id intervention_id, encounter_id, …" db.statement="\n\nSELECT i.id intervention_id,\n                                                encounter_id,\n                                                i.description,\n                                                i.notes,\n                                                i.location_id,\n                                                users_id,\n                                                intervention_type_id,\n                                                status_id,\n                                                l.room_identifier,\n                                                ref1.name \"intervention_type\", \n                                                ref2.name \"status\",\n                                                i.scheduled_timestamp,\n                                                i.performed_timestamp,\n                                                e.patient_id\n                                            FROM intervention i\n                                            join encounter e ON e.id = i.encounter_id\n                                            join location l on  l.id = i.location_id\n                                            join common_reference_type ref1 on i.intervention_type_id = ref1.id\n                                            join common_reference_type ref2 on i.status_id = ref2.id \n                                            where i.id = 15\n                                              \n" rows_affected=1 rows_returned=1 elapsed=513.5µs elapsed_secs=0.0005135
2026-08-29T17:22:20.572707Z DEBUG sqlx::query: summary="SELECT i.id \"intervention_details_id\", value, …" db.statement="\n\n\n                                                    SELECT i.id \"intervention_details_id\", value, notes, entry_timestamp, ref1.name \"intervention_type\", intervention_id, type_id\n                                                        FROM intervention_details i\n                                                        JOIN common_reference_type ref1 on i.type_id = ref1.id \n                                                        WHERE i.intervention_id = 15\n                                                \n" rows_affected=0 rows_returned=0 elapsed=446.3µs elapsed_secs=0.0004463
2026-08-29T17:22:20.572838Z DEBUG MapleEMR::dao::intervention_dao: No intervention details found for intervention_id: 15 [0]
2026-08-29T17:22:20.572855Z DEBUG MapleEMR::dao::intervention_dao: get_interventions_details() Query: 
                                                    SELECT i.id "intervention_details_id", value, notes, entry_timestamp, ref1.name "intervention_type", intervention_id, type_id
                                                        FROM intervention_details i
                                                        JOIN common_reference_type ref1 on i.type_id = ref1.id 
                                                        WHERE i.intervention_id = 15
                                                
2026-08-29T17:22:20.572926Z DEBUG MapleEMR::dao::patient_dao: >get_patients_at_users_site_no_discharge() Query: SELECT p.id, e.id, e.location_id, legal_first_name, legal_last_name, COALESCE(legal_middle_names, '') as "legal_middle_names",
                                        COALESCE(admit_notes, '') as "admit_notes", COALESCE(discharge_notes, '') as "discharge_notes",
                                        birthdate, admit_timestamp,
                                        discharge_timestamp as "discharge_timestamp?",
                                        phn, l2.short_name "location_short_name"
                                    FROM patient p
                                    join encounter e on p.id = e.patient_id
									join location l2 on l2.id = e.location_id
                                    where discharge_timestamp is null
                                      and location_id in (
                                        select l.id
                                        from location l
                                        where site_id in (
                                        select site_id
                                        from user_permission up
                                        where users_id = 2
                                            and up.site_id = l.site_id)  )
2026-08-29T17:22:20.574281Z DEBUG sqlx::query: summary="SELECT p.id, e.id, e.location_id, …" db.statement="\n\nSELECT p.id, e.id, e.location_id, legal_first_name, legal_last_name, COALESCE(legal_middle_names, '') as \"legal_middle_names\",\n                                        COALESCE(admit_notes, '') as \"admit_notes\", COALESCE(discharge_notes, '') as \"discharge_notes\",\n                                        birthdate, admit_timestamp,\n                                        discharge_timestamp as \"discharge_timestamp?\",\n                                        phn, l2.short_name \"location_short_name\"\n                                    FROM patient p\n                                    join encounter e on p.id = e.patient_id\n\t\t\t\t\t\t\t\t\tjoin location l2 on l2.id = e.location_id\n                                    where discharge_timestamp is null\n                                      and location_id in (\n                                        select l.id\n                                        from location l\n                                        where site_id in (\n                                        select site_id\n                                        from user_permission up\n                                        where users_id = 2\n                                            and up.site_id = l.site_id)  )\n" rows_affected=7 rows_returned=7 elapsed=868.5µs elapsed_secs=0.0008685
2026-08-29T17:22:20.574459Z DEBUG MapleEMR::dao::auth_dao: get_user_and_departments_at_current_user_sites()
2026-08-29T17:22:20.575722Z DEBUG sqlx::query: summary="select distinct u.id user_id, …" db.statement="\n\n\n                                                select distinct u.id user_id,\n                                                    d.name || ' ('|| u.name||')' \"name\",\n                                                    u.name \"user_name\"\n                                                from user_permission up\n                                                join users u on up.users_id = u.id\n                                                join department d on up.department_id = d.id\n                                                where up.active_flag = 'Y'\n                                                and site_id is not null\n\t\t\t\t\t\t\t\t\t\t\t\torder by  d.name || ' ('|| u.name||')'\n                                                \n" rows_affected=10 rows_returned=10 elapsed=641.1µs elapsed_secs=0.0006411
2026-08-29T17:22:20.575871Z DEBUG MapleEMR::dao::common_dao: get_common_reference()
2026-08-29T17:22:20.578704Z DEBUG sqlx::query: summary="SELECT id, name, description …" db.statement="\n\nSELECT id, name, description FROM common_reference_type WHERE ID = 9 LIMIT 1\n" rows_affected=1 rows_returned=1 elapsed=2.4663ms elapsed_secs=0.0024663
2026-08-29T17:22:20.578852Z DEBUG MapleEMR::dao::common_dao: get_common_references()
2026-08-29T17:22:20.579946Z DEBUG sqlx::query: summary="select id, name, description …" db.statement="\n\nselect id, name, description from common_reference_type where group_id = 5 ORDER BY NAME\n" rows_affected=3 rows_returned=3 elapsed=798.8µs elapsed_secs=0.0007988
2026-08-29T17:22:20.580111Z DEBUG MapleEMR::dao::common_dao: get_common_references()
2026-08-29T17:22:20.581321Z DEBUG sqlx::query: summary="select id, name, description …" db.statement="\n\nselect id, name, description from common_reference_type where group_id = 2 ORDER BY NAME\n" rows_affected=6 rows_returned=6 elapsed=743.4µs elapsed_secs=0.0007434
2026-08-29T17:22:20.581476Z DEBUG MapleEMR::dao::common_dao: get_locations_for_user()
2026-08-29T17:22:20.582620Z DEBUG sqlx::query: summary="select id, name || …" db.statement="\n\n\n                                        select id, name || ' (' || short_name|| ')' from location\n                                        where active_flag = 'Y'\n                                        and site_id in (\n                                            select site_id\n                                            from user_permission\n                                            where users_id = 2\n                                                and active_flag = 'Y' )\n" rows_affected=34 rows_returned=34 elapsed=592.4µs elapsed_secs=0.0005924
2026-08-29T17:22:20.582701Z DEBUG MapleEMR::ui::common: > get_location_dropdown()
2026-08-29T17:22:20.582749Z DEBUG MapleEMR::ui::tile_factory: >get_modify_intervention_full_page_tile()
2026-08-29T17:22:20.582782Z DEBUG MapleEMR::ui::tile_factory:   Update existing Intervention
2026-08-29T17:22:20.582798Z DEBUG MapleEMR::ui::common: > get_dropdown_generic(users_id)
2026-08-29T17:22:20.582820Z DEBUG MapleEMR::ui::common: > get_dropdown_generic(status_id)
2026-08-29T17:22:20.582842Z DEBUG MapleEMR::ui::intervention_fmt: >get_view_only_intervention_details_list()
2026-08-29T17:22:21.285686Z DEBUG MapleEMR::route::intervention_route: -> Route Requested: /route_to_discharge_patient_save 
2026-08-29T17:22:21.285793Z DEBUG MapleEMR::dao::intervention_dao:   > upsert_intervention_from_intv_form (Intervention id=15)
2026-08-29T17:22:21.285855Z DEBUG MapleEMR::dao::intervention_dao:  >> Intervention Upsert query: 
    UPDATE INTERVENTION
    SET description='good, relatively speaking',
        notes='no universal theory',
        location_id=20,
        users_id=2,
        encounter_id=12,
        intervention_type_id=9,
        status_id=13, 
        scheduled_timestamp=to_timestamp('2026-Aug-22 17:02:11', 'YYYY-Mon-DD HH24:MI:SS'),
        performed_timestamp=to_timestamp('2026-Aug-22 17:02:11', 'YYYY-Mon-DD HH24:MI:SS')
    WHERE id=15 RETURNING ID;

2026-08-29T17:22:21.288349Z DEBUG sqlx::query: summary="UPDATE INTERVENTION SET description='good, …" db.statement="\n\n\n    UPDATE INTERVENTION\n    SET description='good, relatively speaking',\n        notes='no universal theory',\n        location_id=20,\n        users_id=2,\n        encounter_id=12,\n        intervention_type_id=9,\n        status_id=13, \n        scheduled_timestamp=to_timestamp('2026-Aug-22 17:02:11', 'YYYY-Mon-DD HH24:MI:SS'),\n        performed_timestamp=to_timestamp('2026-Aug-22 17:02:11', 'YYYY-Mon-DD HH24:MI:SS')\n    WHERE id=15 RETURNING ID;\n\n" rows_affected=1 rows_returned=1 elapsed=1.8103ms elapsed_secs=0.0018103
2026-08-29T17:22:21.288471Z DEBUG MapleEMR::route::intervention_route:   >Intervention (id=15)] created/updated
2026-08-29T17:22:21.288497Z DEBUG MapleEMR::route::intervention_route: -> Route Requested: /intv  (add/modify)
2026-08-29T17:22:21.288600Z DEBUG MapleEMR::route::intervention_route:    Intervention exists: view existing Intervention
2026-08-29T17:22:21.290820Z DEBUG sqlx::query: summary="SELECT i.id intervention_id, encounter_id, …" db.statement="\n\nSELECT i.id intervention_id,\n                                                encounter_id,\n                                                i.description,\n                                                i.notes,\n                                                i.location_id,\n                                                users_id,\n                                                intervention_type_id,\n                                                status_id,\n                                                l.room_identifier,\n                                                ref1.name \"intervention_type\", \n                                                ref2.name \"status\",\n                                                i.scheduled_timestamp,\n                                                i.performed_timestamp,\n                                                e.patient_id\n                                            FROM intervention i\n                                            join encounter e ON e.id = i.encounter_id\n                                            join location l on  l.id = i.location_id\n                                            join common_reference_type ref1 on i.intervention_type_id = ref1.id\n                                            join common_reference_type ref2 on i.status_id = ref2.id \n                                            where i.id = 15\n                                              \n" rows_affected=1 rows_returned=1 elapsed=1.6775ms elapsed_secs=0.0016775
2026-08-29T17:22:21.292496Z DEBUG sqlx::query: summary="SELECT i.id \"intervention_details_id\", value, …" db.statement="\n\n\n                                                    SELECT i.id \"intervention_details_id\", value, notes, entry_timestamp, ref1.name \"intervention_type\", intervention_id, type_id\n                                                        FROM intervention_details i\n                                                        JOIN common_reference_type ref1 on i.type_id = ref1.id \n                                                        WHERE i.intervention_id = 15\n                                                \n" rows_affected=0 rows_returned=0 elapsed=841.6µs elapsed_secs=0.0008416
2026-08-29T17:22:21.292586Z DEBUG MapleEMR::dao::intervention_dao: No intervention details found for intervention_id: 15 [0]
2026-08-29T17:22:21.292606Z DEBUG MapleEMR::dao::intervention_dao: get_interventions_details() Query: 
                                                    SELECT i.id "intervention_details_id", value, notes, entry_timestamp, ref1.name "intervention_type", intervention_id, type_id
                                                        FROM intervention_details i
                                                        JOIN common_reference_type ref1 on i.type_id = ref1.id 
                                                        WHERE i.intervention_id = 15
                                                
2026-08-29T17:22:21.292668Z DEBUG MapleEMR::dao::patient_dao: >get_patients_at_users_site_no_discharge() Query: SELECT p.id, e.id, e.location_id, legal_first_name, legal_last_name, COALESCE(legal_middle_names, '') as "legal_middle_names",
                                        COALESCE(admit_notes, '') as "admit_notes", COALESCE(discharge_notes, '') as "discharge_notes",
                                        birthdate, admit_timestamp,
                                        discharge_timestamp as "discharge_timestamp?",
                                        phn, l2.short_name "location_short_name"
                                    FROM patient p
                                    join encounter e on p.id = e.patient_id
									join location l2 on l2.id = e.location_id
                                    where discharge_timestamp is null
                                      and location_id in (
                                        select l.id
                                        from location l
                                        where site_id in (
                                        select site_id
                                        from user_permission up
                                        where users_id = 2
                                            and up.site_id = l.site_id)  )
2026-08-29T17:22:21.295944Z DEBUG sqlx::query: summary="SELECT p.id, e.id, e.location_id, …" db.statement="\n\nSELECT p.id, e.id, e.location_id, legal_first_name, legal_last_name, COALESCE(legal_middle_names, '') as \"legal_middle_names\",\n                                        COALESCE(admit_notes, '') as \"admit_notes\", COALESCE(discharge_notes, '') as \"discharge_notes\",\n                                        birthdate, admit_timestamp,\n                                        discharge_timestamp as \"discharge_timestamp?\",\n                                        phn, l2.short_name \"location_short_name\"\n                                    FROM patient p\n                                    join encounter e on p.id = e.patient_id\n\t\t\t\t\t\t\t\t\tjoin location l2 on l2.id = e.location_id\n                                    where discharge_timestamp is null\n                                      and location_id in (\n                                        select l.id\n                                        from location l\n                                        where site_id in (\n                                        select site_id\n                                        from user_permission up\n                                        where users_id = 2\n                                            and up.site_id = l.site_id)  )\n" rows_affected=7 rows_returned=7 elapsed=2.8116ms elapsed_secs=0.0028116
2026-08-29T17:22:21.296077Z DEBUG MapleEMR::dao::auth_dao: get_user_and_departments_at_current_user_sites()
2026-08-29T17:22:21.301093Z DEBUG sqlx::query: summary="select distinct u.id user_id, …" db.statement="\n\n\n                                                select distinct u.id user_id,\n                                                    d.name || ' ('|| u.name||')' \"name\",\n                                                    u.name \"user_name\"\n                                                from user_permission up\n                                                join users u on up.users_id = u.id\n                                                join department d on up.department_id = d.id\n                                                where up.active_flag = 'Y'\n                                                and site_id is not null\n\t\t\t\t\t\t\t\t\t\t\t\torder by  d.name || ' ('|| u.name||')'\n                                                \n" rows_affected=10 rows_returned=10 elapsed=4.6721ms elapsed_secs=0.0046721
2026-08-29T17:22:21.301209Z DEBUG MapleEMR::dao::common_dao: get_common_reference()
2026-08-29T17:22:21.302861Z DEBUG sqlx::query: summary="SELECT id, name, description …" db.statement="\n\nSELECT id, name, description FROM common_reference_type WHERE ID = 9 LIMIT 1\n" rows_affected=1 rows_returned=1 elapsed=1.1148ms elapsed_secs=0.0011148
2026-08-29T17:22:21.302940Z DEBUG MapleEMR::dao::common_dao: get_common_references()
2026-08-29T17:22:21.303517Z DEBUG sqlx::query: summary="select id, name, description …" db.statement="\n\nselect id, name, description from common_reference_type where group_id = 5 ORDER BY NAME\n" rows_affected=3 rows_returned=3 elapsed=298.6µs elapsed_secs=0.0002986
2026-08-29T17:22:21.303569Z DEBUG MapleEMR::dao::common_dao: get_common_references()
2026-08-29T17:22:21.304543Z DEBUG sqlx::query: summary="select id, name, description …" db.statement="\n\nselect id, name, description from common_reference_type where group_id = 2 ORDER BY NAME\n" rows_affected=6 rows_returned=6 elapsed=740.8µs elapsed_secs=0.0007408
2026-08-29T17:22:21.304605Z DEBUG MapleEMR::dao::common_dao: get_locations_for_user()
2026-08-29T17:22:21.305880Z DEBUG sqlx::query: summary="select id, name || …" db.statement="\n\n\n                                        select id, name || ' (' || short_name|| ')' from location\n                                        where active_flag = 'Y'\n                                        and site_id in (\n                                            select site_id\n                                            from user_permission\n                                            where users_id = 2\n                                                and active_flag = 'Y' )\n" rows_affected=34 rows_returned=34 elapsed=1.007ms elapsed_secs=0.001007
2026-08-29T17:22:21.305951Z DEBUG MapleEMR::ui::common: > get_location_dropdown()
2026-08-29T17:22:21.306000Z DEBUG MapleEMR::ui::tile_factory: >get_modify_intervention_full_page_tile()
2026-08-29T17:22:21.306036Z DEBUG MapleEMR::ui::tile_factory:   Update existing Intervention
2026-08-29T17:22:21.306050Z DEBUG MapleEMR::ui::common: > get_dropdown_generic(users_id)
2026-08-29T17:22:21.306075Z DEBUG MapleEMR::ui::common: > get_dropdown_generic(status_id)
2026-08-29T17:22:21.306099Z DEBUG MapleEMR::ui::intervention_fmt: >get_view_only_intervention_details_list()
2026-08-29T17:22:21.911264Z DEBUG MapleEMR::route::intervention_route: -> Route Requested: /route_to_discharge_patient_save 
2026-08-29T17:22:21.911562Z DEBUG MapleEMR::dao::intervention_dao:   > upsert_intervention_from_intv_form (Intervention id=15)
2026-08-29T17:22:21.911678Z DEBUG MapleEMR::dao::intervention_dao:  >> Intervention Upsert query: 
    UPDATE INTERVENTION
    SET description='good, relatively speaking',
        notes='no universal theory',
        location_id=20,
        users_id=2,
        encounter_id=12,
        intervention_type_id=9,
        status_id=13, 
        scheduled_timestamp=to_timestamp('2026-Aug-22 17:02:11', 'YYYY-Mon-DD HH24:MI:SS'),
        performed_timestamp=to_timestamp('2026-Aug-22 17:02:11', 'YYYY-Mon-DD HH24:MI:SS')
    WHERE id=15 RETURNING ID;

2026-08-29T17:22:21.918548Z DEBUG sqlx::query: summary="UPDATE INTERVENTION SET description='good, …" db.statement="\n\n\n    UPDATE INTERVENTION\n    SET description='good, relatively speaking',\n        notes='no universal theory',\n        location_id=20,\n        users_id=2,\n        encounter_id=12,\n        intervention_type_id=9,\n        status_id=13, \n        scheduled_timestamp=to_timestamp('2026-Aug-22 17:02:11', 'YYYY-Mon-DD HH24:MI:SS'),\n        performed_timestamp=to_timestamp('2026-Aug-22 17:02:11', 'YYYY-Mon-DD HH24:MI:SS')\n    WHERE id=15 RETURNING ID;\n\n" rows_affected=1 rows_returned=1 elapsed=4.5883ms elapsed_secs=0.0045883
2026-08-29T17:22:21.918807Z DEBUG MapleEMR::route::intervention_route:   >Intervention (id=15)] created/updated
2026-08-29T17:22:21.918837Z DEBUG MapleEMR::route::intervention_route: -> Route Requested: /intv  (add/modify)
2026-08-29T17:22:21.918909Z DEBUG MapleEMR::route::intervention_route:    Intervention exists: view existing Intervention
2026-08-29T17:22:21.922760Z DEBUG sqlx::query: summary="SELECT i.id intervention_id, encounter_id, …" db.statement="\n\nSELECT i.id intervention_id,\n                                                encounter_id,\n                                                i.description,\n                                                i.notes,\n                                                i.location_id,\n                                                users_id,\n                                                intervention_type_id,\n                                                status_id,\n                                                l.room_identifier,\n                                                ref1.name \"intervention_type\", \n                                                ref2.name \"status\",\n                                                i.scheduled_timestamp,\n                                                i.performed_timestamp,\n                                                e.patient_id\n                                            FROM intervention i\n                                            join encounter e ON e.id = i.encounter_id\n                                            join location l on  l.id = i.location_id\n                                            join common_reference_type ref1 on i.intervention_type_id = ref1.id\n                                            join common_reference_type ref2 on i.status_id = ref2.id \n                                            where i.id = 15\n                                              \n" rows_affected=1 rows_returned=1 elapsed=2.7625ms elapsed_secs=0.0027625
2026-08-29T17:22:21.930875Z DEBUG sqlx::query: summary="SELECT i.id \"intervention_details_id\", value, …" db.statement="\n\n\n                                                    SELECT i.id \"intervention_details_id\", value, notes, entry_timestamp, ref1.name \"intervention_type\", intervention_id, type_id\n                                                        FROM intervention_details i\n                                                        JOIN common_reference_type ref1 on i.type_id = ref1.id \n                                                        WHERE i.intervention_id = 15\n                                                \n" rows_affected=0 rows_returned=0 elapsed=820.2µs elapsed_secs=0.0008202
2026-08-29T17:22:21.931155Z DEBUG MapleEMR::dao::intervention_dao: No intervention details found for intervention_id: 15 [0]
2026-08-29T17:22:21.931202Z DEBUG MapleEMR::dao::intervention_dao: get_interventions_details() Query: 
                                                    SELECT i.id "intervention_details_id", value, notes, entry_timestamp, ref1.name "intervention_type", intervention_id, type_id
                                                        FROM intervention_details i
                                                        JOIN common_reference_type ref1 on i.type_id = ref1.id 
                                                        WHERE i.intervention_id = 15
                                                
2026-08-29T17:22:21.931259Z DEBUG MapleEMR::dao::patient_dao: >get_patients_at_users_site_no_discharge() Query: SELECT p.id, e.id, e.location_id, legal_first_name, legal_last_name, COALESCE(legal_middle_names, '') as "legal_middle_names",
                                        COALESCE(admit_notes, '') as "admit_notes", COALESCE(discharge_notes, '') as "discharge_notes",
                                        birthdate, admit_timestamp,
                                        discharge_timestamp as "discharge_timestamp?",
                                        phn, l2.short_name "location_short_name"
                                    FROM patient p
                                    join encounter e on p.id = e.patient_id
									join location l2 on l2.id = e.location_id
                                    where discharge_timestamp is null
                                      and location_id in (
                                        select l.id
                                        from location l
                                        where site_id in (
                                        select site_id
                                        from user_permission up
                                        where users_id = 2
                                            and up.site_id = l.site_id)  )
2026-08-29T17:22:21.932663Z DEBUG sqlx::query: summary="SELECT p.id, e.id, e.location_id, …" db.statement="\n\nSELECT p.id, e.id, e.location_id, legal_first_name, legal_last_name, COALESCE(legal_middle_names, '') as \"legal_middle_names\",\n                                        COALESCE(admit_notes, '') as \"admit_notes\", COALESCE(discharge_notes, '') as \"discharge_notes\",\n                                        birthdate, admit_timestamp,\n                                        discharge_timestamp as \"discharge_timestamp?\",\n                                        phn, l2.short_name \"location_short_name\"\n                                    FROM patient p\n                                    join encounter e on p.id = e.patient_id\n\t\t\t\t\t\t\t\t\tjoin location l2 on l2.id = e.location_id\n                                    where discharge_timestamp is null\n                                      and location_id in (\n                                        select l.id\n                                        from location l\n                                        where site_id in (\n                                        select site_id\n                                        from user_permission up\n                                        where users_id = 2\n                                            and up.site_id = l.site_id)  )\n" rows_affected=7 rows_returned=7 elapsed=849µs elapsed_secs=0.000849
2026-08-29T17:22:21.932785Z DEBUG MapleEMR::dao::auth_dao: get_user_and_departments_at_current_user_sites()
2026-08-29T17:22:21.938447Z DEBUG sqlx::query: summary="select distinct u.id user_id, …" db.statement="\n\n\n                                                select distinct u.id user_id,\n                                                    d.name || ' ('|| u.name||')' \"name\",\n                                                    u.name \"user_name\"\n                                                from user_permission up\n                                                join users u on up.users_id = u.id\n                                                join department d on up.department_id = d.id\n                                                where up.active_flag = 'Y'\n                                                and site_id is not null\n\t\t\t\t\t\t\t\t\t\t\t\torder by  d.name || ' ('|| u.name||')'\n                                                \n" rows_affected=10 rows_returned=10 elapsed=5.3644ms elapsed_secs=0.0053644
2026-08-29T17:22:21.938592Z DEBUG MapleEMR::dao::common_dao: get_common_reference()
2026-08-29T17:22:21.939671Z DEBUG sqlx::query: summary="SELECT id, name, description …" db.statement="\n\nSELECT id, name, description FROM common_reference_type WHERE ID = 9 LIMIT 1\n" rows_affected=1 rows_returned=1 elapsed=691.9µs elapsed_secs=0.0006919
2026-08-29T17:22:21.939752Z DEBUG MapleEMR::dao::common_dao: get_common_references()
2026-08-29T17:22:21.940782Z DEBUG sqlx::query: summary="select id, name, description …" db.statement="\n\nselect id, name, description from common_reference_type where group_id = 5 ORDER BY NAME\n" rows_affected=3 rows_returned=3 elapsed=762µs elapsed_secs=0.000762
2026-08-29T17:22:21.940859Z DEBUG MapleEMR::dao::common_dao: get_common_references()
2026-08-29T17:22:21.941825Z DEBUG sqlx::query: summary="select id, name, description …" db.statement="\n\nselect id, name, description from common_reference_type where group_id = 2 ORDER BY NAME\n" rows_affected=6 rows_returned=6 elapsed=579.3µs elapsed_secs=0.0005793
2026-08-29T17:22:21.941993Z DEBUG MapleEMR::dao::common_dao: get_locations_for_user()
2026-08-29T17:22:21.945816Z DEBUG sqlx::query: summary="select id, name || …" db.statement="\n\n\n                                        select id, name || ' (' || short_name|| ')' from location\n                                        where active_flag = 'Y'\n                                        and site_id in (\n                                            select site_id\n                                            from user_permission\n                                            where users_id = 2\n                                                and active_flag = 'Y' )\n" rows_affected=34 rows_returned=34 elapsed=3.5566ms elapsed_secs=0.0035566
2026-08-29T17:22:21.946618Z DEBUG MapleEMR::ui::common: > get_location_dropdown()
2026-08-29T17:22:21.946707Z DEBUG MapleEMR::ui::tile_factory: >get_modify_intervention_full_page_tile()
2026-08-29T17:22:21.946782Z DEBUG MapleEMR::ui::tile_factory:   Update existing Intervention
2026-08-29T17:22:21.946797Z DEBUG MapleEMR::ui::common: > get_dropdown_generic(users_id)
2026-08-29T17:22:21.946840Z DEBUG MapleEMR::ui::common: > get_dropdown_generic(status_id)
2026-08-29T17:22:21.946867Z DEBUG MapleEMR::ui::intervention_fmt: >get_view_only_intervention_details_list()
2026-08-29T17:22:22.522292Z DEBUG MapleEMR::route::intervention_route: -> Route Requested: /route_to_discharge_patient_save 
2026-08-29T17:22:22.522388Z DEBUG MapleEMR::dao::intervention_dao:   > upsert_intervention_from_intv_form (Intervention id=15)
2026-08-29T17:22:22.522472Z DEBUG MapleEMR::dao::intervention_dao:  >> Intervention Upsert query: 
    UPDATE INTERVENTION
    SET description='good, relatively speaking',
        notes='no universal theory',
        location_id=20,
        users_id=2,
        encounter_id=12,
        intervention_type_id=9,
        status_id=13, 
        scheduled_timestamp=to_timestamp('2026-Aug-22 17:02:11', 'YYYY-Mon-DD HH24:MI:SS'),
        performed_timestamp=to_timestamp('2026-Aug-22 17:02:11', 'YYYY-Mon-DD HH24:MI:SS')
    WHERE id=15 RETURNING ID;

2026-08-29T17:22:22.526184Z DEBUG sqlx::query: summary="UPDATE INTERVENTION SET description='good, …" db.statement="\n\n\n    UPDATE INTERVENTION\n    SET description='good, relatively speaking',\n        notes='no universal theory',\n        location_id=20,\n        users_id=2,\n        encounter_id=12,\n        intervention_type_id=9,\n        status_id=13, \n        scheduled_timestamp=to_timestamp('2026-Aug-22 17:02:11', 'YYYY-Mon-DD HH24:MI:SS'),\n        performed_timestamp=to_timestamp('2026-Aug-22 17:02:11', 'YYYY-Mon-DD HH24:MI:SS')\n    WHERE id=15 RETURNING ID;\n\n" rows_affected=1 rows_returned=1 elapsed=3.145ms elapsed_secs=0.003145
2026-08-29T17:22:22.526322Z DEBUG MapleEMR::route::intervention_route:   >Intervention (id=15)] created/updated
2026-08-29T17:22:22.526362Z DEBUG MapleEMR::route::intervention_route: -> Route Requested: /intv  (add/modify)
2026-08-29T17:22:22.526423Z DEBUG MapleEMR::route::intervention_route:    Intervention exists: view existing Intervention
2026-08-29T17:22:22.531057Z DEBUG sqlx::query: summary="SELECT i.id intervention_id, encounter_id, …" db.statement="\n\nSELECT i.id intervention_id,\n                                                encounter_id,\n                                                i.description,\n                                                i.notes,\n                                                i.location_id,\n                                                users_id,\n                                                intervention_type_id,\n                                                status_id,\n                                                l.room_identifier,\n                                                ref1.name \"intervention_type\", \n                                                ref2.name \"status\",\n                                                i.scheduled_timestamp,\n                                                i.performed_timestamp,\n                                                e.patient_id\n                                            FROM intervention i\n                                            join encounter e ON e.id = i.encounter_id\n                                            join location l on  l.id = i.location_id\n                                            join common_reference_type ref1 on i.intervention_type_id = ref1.id\n                                            join common_reference_type ref2 on i.status_id = ref2.id \n                                            where i.id = 15\n                                              \n" rows_affected=1 rows_returned=1 elapsed=2.8408ms elapsed_secs=0.0028408
2026-08-29T17:22:22.535011Z DEBUG sqlx::query: summary="SELECT i.id \"intervention_details_id\", value, …" db.statement="\n\n\n                                                    SELECT i.id \"intervention_details_id\", value, notes, entry_timestamp, ref1.name \"intervention_type\", intervention_id, type_id\n                                                        FROM intervention_details i\n                                                        JOIN common_reference_type ref1 on i.type_id = ref1.id \n                                                        WHERE i.intervention_id = 15\n                                                \n" rows_affected=0 rows_returned=0 elapsed=2.7104ms elapsed_secs=0.0027104
2026-08-29T17:22:22.535080Z DEBUG MapleEMR::dao::intervention_dao: No intervention details found for intervention_id: 15 [0]
2026-08-29T17:22:22.535096Z DEBUG MapleEMR::dao::intervention_dao: get_interventions_details() Query: 
                                                    SELECT i.id "intervention_details_id", value, notes, entry_timestamp, ref1.name "intervention_type", intervention_id, type_id
                                                        FROM intervention_details i
                                                        JOIN common_reference_type ref1 on i.type_id = ref1.id 
                                                        WHERE i.intervention_id = 15
                                                
2026-08-29T17:22:22.535142Z DEBUG MapleEMR::dao::patient_dao: >get_patients_at_users_site_no_discharge() Query: SELECT p.id, e.id, e.location_id, legal_first_name, legal_last_name, COALESCE(legal_middle_names, '') as "legal_middle_names",
                                        COALESCE(admit_notes, '') as "admit_notes", COALESCE(discharge_notes, '') as "discharge_notes",
                                        birthdate, admit_timestamp,
                                        discharge_timestamp as "discharge_timestamp?",
                                        phn, l2.short_name "location_short_name"
                                    FROM patient p
                                    join encounter e on p.id = e.patient_id
									join location l2 on l2.id = e.location_id
                                    where discharge_timestamp is null
                                      and location_id in (
                                        select l.id
                                        from location l
                                        where site_id in (
                                        select site_id
                                        from user_permission up
                                        where users_id = 2
                                            and up.site_id = l.site_id)  )
2026-08-29T17:22:22.535995Z DEBUG sqlx::query: summary="SELECT p.id, e.id, e.location_id, …" db.statement="\n\nSELECT p.id, e.id, e.location_id, legal_first_name, legal_last_name, COALESCE(legal_middle_names, '') as \"legal_middle_names\",\n                                        COALESCE(admit_notes, '') as \"admit_notes\", COALESCE(discharge_notes, '') as \"discharge_notes\",\n                                        birthdate, admit_timestamp,\n                                        discharge_timestamp as \"discharge_timestamp?\",\n                                        phn, l2.short_name \"location_short_name\"\n                                    FROM patient p\n                                    join encounter e on p.id = e.patient_id\n\t\t\t\t\t\t\t\t\tjoin location l2 on l2.id = e.location_id\n                                    where discharge_timestamp is null\n                                      and location_id in (\n                                        select l.id\n                                        from location l\n                                        where site_id in (\n                                        select site_id\n                                        from user_permission up\n                                        where users_id = 2\n                                            and up.site_id = l.site_id)  )\n" rows_affected=7 rows_returned=7 elapsed=487µs elapsed_secs=0.000487
2026-08-29T17:22:22.536072Z DEBUG MapleEMR::dao::auth_dao: get_user_and_departments_at_current_user_sites()
2026-08-29T17:22:22.536739Z DEBUG sqlx::query: summary="select distinct u.id user_id, …" db.statement="\n\n\n                                                select distinct u.id user_id,\n                                                    d.name || ' ('|| u.name||')' \"name\",\n                                                    u.name \"user_name\"\n                                                from user_permission up\n                                                join users u on up.users_id = u.id\n                                                join department d on up.department_id = d.id\n                                                where up.active_flag = 'Y'\n                                                and site_id is not null\n\t\t\t\t\t\t\t\t\t\t\t\torder by  d.name || ' ('|| u.name||')'\n                                                \n" rows_affected=10 rows_returned=10 elapsed=426.8µs elapsed_secs=0.0004268
2026-08-29T17:22:22.536821Z DEBUG MapleEMR::dao::common_dao: get_common_reference()
2026-08-29T17:22:22.537309Z DEBUG sqlx::query: summary="SELECT id, name, description …" db.statement="\n\nSELECT id, name, description FROM common_reference_type WHERE ID = 9 LIMIT 1\n" rows_affected=1 rows_returned=1 elapsed=237.1µs elapsed_secs=0.0002371
2026-08-29T17:22:22.537394Z DEBUG MapleEMR::dao::common_dao: get_common_references()
2026-08-29T17:22:22.538002Z DEBUG sqlx::query: summary="select id, name, description …" db.statement="\n\nselect id, name, description from common_reference_type where group_id = 5 ORDER BY NAME\n" rows_affected=3 rows_returned=3 elapsed=345.8µs elapsed_secs=0.0003458
2026-08-29T17:22:22.538157Z DEBUG MapleEMR::dao::common_dao: get_common_references()
2026-08-29T17:22:22.538970Z DEBUG sqlx::query: summary="select id, name, description …" db.statement="\n\nselect id, name, description from common_reference_type where group_id = 2 ORDER BY NAME\n" rows_affected=6 rows_returned=6 elapsed=274.3µs elapsed_secs=0.0002743
2026-08-29T17:22:22.539074Z DEBUG MapleEMR::dao::common_dao: get_locations_for_user()
2026-08-29T17:22:22.540008Z DEBUG sqlx::query: summary="select id, name || …" db.statement="\n\n\n                                        select id, name || ' (' || short_name|| ')' from location\n                                        where active_flag = 'Y'\n                                        and site_id in (\n                                            select site_id\n                                            from user_permission\n                                            where users_id = 2\n                                                and active_flag = 'Y' )\n" rows_affected=34 rows_returned=34 elapsed=612.1µs elapsed_secs=0.0006121
2026-08-29T17:22:22.540172Z DEBUG MapleEMR::ui::common: > get_location_dropdown()
2026-08-29T17:22:22.540254Z DEBUG MapleEMR::ui::tile_factory: >get_modify_intervention_full_page_tile()
2026-08-29T17:22:22.540309Z DEBUG MapleEMR::ui::tile_factory:   Update existing Intervention
2026-08-29T17:22:22.540323Z DEBUG MapleEMR::ui::common: > get_dropdown_generic(users_id)
2026-08-29T17:22:22.540454Z DEBUG MapleEMR::ui::common: > get_dropdown_generic(status_id)
2026-08-29T17:22:22.540495Z DEBUG MapleEMR::ui::intervention_fmt: >get_view_only_intervention_details_list()
2026-08-29T17:22:23.083550Z DEBUG MapleEMR::route::intervention_route: -> Route Requested: /route_to_discharge_patient_save 
2026-08-29T17:22:23.083644Z DEBUG MapleEMR::dao::intervention_dao:   > upsert_intervention_from_intv_form (Intervention id=15)
2026-08-29T17:22:23.083698Z DEBUG MapleEMR::dao::intervention_dao:  >> Intervention Upsert query: 
    UPDATE INTERVENTION
    SET description='good, relatively speaking',
        notes='no universal theory',
        location_id=20,
        users_id=2,
        encounter_id=12,
        intervention_type_id=9,
        status_id=13, 
        scheduled_timestamp=to_timestamp('2026-Aug-22 17:02:11', 'YYYY-Mon-DD HH24:MI:SS'),
        performed_timestamp=to_timestamp('2026-Aug-22 17:02:11', 'YYYY-Mon-DD HH24:MI:SS')
    WHERE id=15 RETURNING ID;

2026-08-29T17:22:23.085070Z DEBUG sqlx::query: summary="UPDATE INTERVENTION SET description='good, …" db.statement="\n\n\n    UPDATE INTERVENTION\n    SET description='good, relatively speaking',\n        notes='no universal theory',\n        location_id=20,\n        users_id=2,\n        encounter_id=12,\n        intervention_type_id=9,\n        status_id=13, \n        scheduled_timestamp=to_timestamp('2026-Aug-22 17:02:11', 'YYYY-Mon-DD HH24:MI:SS'),\n        performed_timestamp=to_timestamp('2026-Aug-22 17:02:11', 'YYYY-Mon-DD HH24:MI:SS')\n    WHERE id=15 RETURNING ID;\n\n" rows_affected=1 rows_returned=1 elapsed=827.6µs elapsed_secs=0.0008276
2026-08-29T17:22:23.085188Z DEBUG MapleEMR::route::intervention_route:   >Intervention (id=15)] created/updated
2026-08-29T17:22:23.085208Z DEBUG MapleEMR::route::intervention_route: -> Route Requested: /intv  (add/modify)
2026-08-29T17:22:23.085274Z DEBUG MapleEMR::route::intervention_route:    Intervention exists: view existing Intervention
2026-08-29T17:22:23.086279Z DEBUG sqlx::query: summary="SELECT i.id intervention_id, encounter_id, …" db.statement="\n\nSELECT i.id intervention_id,\n                                                encounter_id,\n                                                i.description,\n                                                i.notes,\n                                                i.location_id,\n                                                users_id,\n                                                intervention_type_id,\n                                                status_id,\n                                                l.room_identifier,\n                                                ref1.name \"intervention_type\", \n                                                ref2.name \"status\",\n                                                i.scheduled_timestamp,\n                                                i.performed_timestamp,\n                                                e.patient_id\n                                            FROM intervention i\n                                            join encounter e ON e.id = i.encounter_id\n                                            join location l on  l.id = i.location_id\n                                            join common_reference_type ref1 on i.intervention_type_id = ref1.id\n                                            join common_reference_type ref2 on i.status_id = ref2.id \n                                            where i.id = 15\n                                              \n" rows_affected=1 rows_returned=1 elapsed=548.3µs elapsed_secs=0.0005483
2026-08-29T17:22:23.088475Z DEBUG sqlx::query: summary="SELECT i.id \"intervention_details_id\", value, …" db.statement="\n\n\n                                                    SELECT i.id \"intervention_details_id\", value, notes, entry_timestamp, ref1.name \"intervention_type\", intervention_id, type_id\n                                                        FROM intervention_details i\n                                                        JOIN common_reference_type ref1 on i.type_id = ref1.id \n                                                        WHERE i.intervention_id = 15\n                                                \n" rows_affected=0 rows_returned=0 elapsed=403µs elapsed_secs=0.000403
2026-08-29T17:22:23.088564Z DEBUG MapleEMR::dao::intervention_dao: No intervention details found for intervention_id: 15 [0]
2026-08-29T17:22:23.088580Z DEBUG MapleEMR::dao::intervention_dao: get_interventions_details() Query: 
                                                    SELECT i.id "intervention_details_id", value, notes, entry_timestamp, ref1.name "intervention_type", intervention_id, type_id
                                                        FROM intervention_details i
                                                        JOIN common_reference_type ref1 on i.type_id = ref1.id 
                                                        WHERE i.intervention_id = 15
                                                
2026-08-29T17:22:23.088621Z DEBUG MapleEMR::dao::patient_dao: >get_patients_at_users_site_no_discharge() Query: SELECT p.id, e.id, e.location_id, legal_first_name, legal_last_name, COALESCE(legal_middle_names, '') as "legal_middle_names",
                                        COALESCE(admit_notes, '') as "admit_notes", COALESCE(discharge_notes, '') as "discharge_notes",
                                        birthdate, admit_timestamp,
                                        discharge_timestamp as "discharge_timestamp?",
                                        phn, l2.short_name "location_short_name"
                                    FROM patient p
                                    join encounter e on p.id = e.patient_id
									join location l2 on l2.id = e.location_id
                                    where discharge_timestamp is null
                                      and location_id in (
                                        select l.id
                                        from location l
                                        where site_id in (
                                        select site_id
                                        from user_permission up
                                        where users_id = 2
                                            and up.site_id = l.site_id)  )
2026-08-29T17:22:23.089870Z DEBUG sqlx::query: summary="SELECT p.id, e.id, e.location_id, …" db.statement="\n\nSELECT p.id, e.id, e.location_id, legal_first_name, legal_last_name, COALESCE(legal_middle_names, '') as \"legal_middle_names\",\n                                        COALESCE(admit_notes, '') as \"admit_notes\", COALESCE(discharge_notes, '') as \"discharge_notes\",\n                                        birthdate, admit_timestamp,\n                                        discharge_timestamp as \"discharge_timestamp?\",\n                                        phn, l2.short_name \"location_short_name\"\n                                    FROM patient p\n                                    join encounter e on p.id = e.patient_id\n\t\t\t\t\t\t\t\t\tjoin location l2 on l2.id = e.location_id\n                                    where discharge_timestamp is null\n                                      and location_id in (\n                                        select l.id\n                                        from location l\n                                        where site_id in (\n                                        select site_id\n                                        from user_permission up\n                                        where users_id = 2\n                                            and up.site_id = l.site_id)  )\n" rows_affected=7 rows_returned=7 elapsed=867.6µs elapsed_secs=0.0008676
2026-08-29T17:22:23.090062Z DEBUG MapleEMR::dao::auth_dao: get_user_and_departments_at_current_user_sites()
2026-08-29T17:22:23.091297Z DEBUG sqlx::query: summary="select distinct u.id user_id, …" db.statement="\n\n\n                                                select distinct u.id user_id,\n                                                    d.name || ' ('|| u.name||')' \"name\",\n                                                    u.name \"user_name\"\n                                                from user_permission up\n                                                join users u on up.users_id = u.id\n                                                join department d on up.department_id = d.id\n                                                where up.active_flag = 'Y'\n                                                and site_id is not null\n\t\t\t\t\t\t\t\t\t\t\t\torder by  d.name || ' ('|| u.name||')'\n                                                \n" rows_affected=10 rows_returned=10 elapsed=811.6µs elapsed_secs=0.0008116
2026-08-29T17:22:23.091404Z DEBUG MapleEMR::dao::common_dao: get_common_reference()
2026-08-29T17:22:23.092477Z DEBUG sqlx::query: summary="SELECT id, name, description …" db.statement="\n\nSELECT id, name, description FROM common_reference_type WHERE ID = 9 LIMIT 1\n" rows_affected=1 rows_returned=1 elapsed=594.2µs elapsed_secs=0.0005942
2026-08-29T17:22:23.092583Z DEBUG MapleEMR::dao::common_dao: get_common_references()
2026-08-29T17:22:23.095573Z DEBUG sqlx::query: summary="select id, name, description …" db.statement="\n\nselect id, name, description from common_reference_type where group_id = 5 ORDER BY NAME\n" rows_affected=3 rows_returned=3 elapsed=610.9µs elapsed_secs=0.0006109
2026-08-29T17:22:23.095670Z DEBUG MapleEMR::dao::common_dao: get_common_references()
2026-08-29T17:22:23.096682Z DEBUG sqlx::query: summary="select id, name, description …" db.statement="\n\nselect id, name, description from common_reference_type where group_id = 2 ORDER BY NAME\n" rows_affected=6 rows_returned=6 elapsed=439.1µs elapsed_secs=0.0004391
2026-08-29T17:22:23.096816Z DEBUG MapleEMR::dao::common_dao: get_locations_for_user()
2026-08-29T17:22:23.098331Z DEBUG sqlx::query: summary="select id, name || …" db.statement="\n\n\n                                        select id, name || ' (' || short_name|| ')' from location\n                                        where active_flag = 'Y'\n                                        and site_id in (\n                                            select site_id\n                                            from user_permission\n                                            where users_id = 2\n                                                and active_flag = 'Y' )\n" rows_affected=34 rows_returned=34 elapsed=1.0946ms elapsed_secs=0.0010946
2026-08-29T17:22:23.098560Z DEBUG MapleEMR::ui::common: > get_location_dropdown()
2026-08-29T17:22:23.099303Z DEBUG MapleEMR::ui::tile_factory: >get_modify_intervention_full_page_tile()
2026-08-29T17:22:23.099545Z DEBUG MapleEMR::ui::tile_factory:   Update existing Intervention
2026-08-29T17:22:23.099607Z DEBUG MapleEMR::ui::common: > get_dropdown_generic(users_id)
2026-08-29T17:22:23.099672Z DEBUG MapleEMR::ui::common: > get_dropdown_generic(status_id)
2026-08-29T17:22:23.099701Z DEBUG MapleEMR::ui::intervention_fmt: >get_view_only_intervention_details_list()
2026-08-29T17:22:23.780588Z DEBUG MapleEMR::route::intervention_route: -> Route Requested: /route_to_discharge_patient_save 
2026-08-29T17:22:23.780680Z DEBUG MapleEMR::dao::intervention_dao:   > upsert_intervention_from_intv_form (Intervention id=15)
2026-08-29T17:22:23.780751Z DEBUG MapleEMR::dao::intervention_dao:  >> Intervention Upsert query: 
    UPDATE INTERVENTION
    SET description='good, relatively speaking',
        notes='no universal theory',
        location_id=20,
        users_id=2,
        encounter_id=12,
        intervention_type_id=9,
        status_id=13, 
        scheduled_timestamp=to_timestamp('2026-Aug-22 17:02:11', 'YYYY-Mon-DD HH24:MI:SS'),
        performed_timestamp=to_timestamp('2026-Aug-22 17:02:11', 'YYYY-Mon-DD HH24:MI:SS')
    WHERE id=15 RETURNING ID;

2026-08-29T17:22:23.782352Z DEBUG sqlx::query: summary="UPDATE INTERVENTION SET description='good, …" db.statement="\n\n\n    UPDATE INTERVENTION\n    SET description='good, relatively speaking',\n        notes='no universal theory',\n        location_id=20,\n        users_id=2,\n        encounter_id=12,\n        intervention_type_id=9,\n        status_id=13, \n        scheduled_timestamp=to_timestamp('2026-Aug-22 17:02:11', 'YYYY-Mon-DD HH24:MI:SS'),\n        performed_timestamp=to_timestamp('2026-Aug-22 17:02:11', 'YYYY-Mon-DD HH24:MI:SS')\n    WHERE id=15 RETURNING ID;\n\n" rows_affected=1 rows_returned=1 elapsed=1.1346ms elapsed_secs=0.0011346
2026-08-29T17:22:23.782459Z DEBUG MapleEMR::route::intervention_route:   >Intervention (id=15)] created/updated
2026-08-29T17:22:23.782485Z DEBUG MapleEMR::route::intervention_route: -> Route Requested: /intv  (add/modify)
2026-08-29T17:22:23.782698Z DEBUG MapleEMR::route::intervention_route:    Intervention exists: view existing Intervention
2026-08-29T17:22:23.784414Z DEBUG sqlx::query: summary="SELECT i.id intervention_id, encounter_id, …" db.statement="\n\nSELECT i.id intervention_id,\n                                                encounter_id,\n                                                i.description,\n                                                i.notes,\n                                                i.location_id,\n                                                users_id,\n                                                intervention_type_id,\n                                                status_id,\n                                                l.room_identifier,\n                                                ref1.name \"intervention_type\", \n                                                ref2.name \"status\",\n                                                i.scheduled_timestamp,\n                                                i.performed_timestamp,\n                                                e.patient_id\n                                            FROM intervention i\n                                            join encounter e ON e.id = i.encounter_id\n                                            join location l on  l.id = i.location_id\n                                            join common_reference_type ref1 on i.intervention_type_id = ref1.id\n                                            join common_reference_type ref2 on i.status_id = ref2.id \n                                            where i.id = 15\n                                              \n" rows_affected=1 rows_returned=1 elapsed=941µs elapsed_secs=0.000941
2026-08-29T17:22:23.785702Z DEBUG sqlx::query: summary="SELECT i.id \"intervention_details_id\", value, …" db.statement="\n\n\n                                                    SELECT i.id \"intervention_details_id\", value, notes, entry_timestamp, ref1.name \"intervention_type\", intervention_id, type_id\n                                                        FROM intervention_details i\n                                                        JOIN common_reference_type ref1 on i.type_id = ref1.id \n                                                        WHERE i.intervention_id = 15\n                                                \n" rows_affected=0 rows_returned=0 elapsed=355µs elapsed_secs=0.000355
2026-08-29T17:22:23.785792Z DEBUG MapleEMR::dao::intervention_dao: No intervention details found for intervention_id: 15 [0]
2026-08-29T17:22:23.785819Z DEBUG MapleEMR::dao::intervention_dao: get_interventions_details() Query: 
                                                    SELECT i.id "intervention_details_id", value, notes, entry_timestamp, ref1.name "intervention_type", intervention_id, type_id
                                                        FROM intervention_details i
                                                        JOIN common_reference_type ref1 on i.type_id = ref1.id 
                                                        WHERE i.intervention_id = 15
                                                
2026-08-29T17:22:23.785874Z DEBUG MapleEMR::dao::patient_dao: >get_patients_at_users_site_no_discharge() Query: SELECT p.id, e.id, e.location_id, legal_first_name, legal_last_name, COALESCE(legal_middle_names, '') as "legal_middle_names",
                                        COALESCE(admit_notes, '') as "admit_notes", COALESCE(discharge_notes, '') as "discharge_notes",
                                        birthdate, admit_timestamp,
                                        discharge_timestamp as "discharge_timestamp?",
                                        phn, l2.short_name "location_short_name"
                                    FROM patient p
                                    join encounter e on p.id = e.patient_id
									join location l2 on l2.id = e.location_id
                                    where discharge_timestamp is null
                                      and location_id in (
                                        select l.id
                                        from location l
                                        where site_id in (
                                        select site_id
                                        from user_permission up
                                        where users_id = 2
                                            and up.site_id = l.site_id)  )
2026-08-29T17:22:23.786964Z DEBUG sqlx::query: summary="SELECT p.id, e.id, e.location_id, …" db.statement="\n\nSELECT p.id, e.id, e.location_id, legal_first_name, legal_last_name, COALESCE(legal_middle_names, '') as \"legal_middle_names\",\n                                        COALESCE(admit_notes, '') as \"admit_notes\", COALESCE(discharge_notes, '') as \"discharge_notes\",\n                                        birthdate, admit_timestamp,\n                                        discharge_timestamp as \"discharge_timestamp?\",\n                                        phn, l2.short_name \"location_short_name\"\n                                    FROM patient p\n                                    join encounter e on p.id = e.patient_id\n\t\t\t\t\t\t\t\t\tjoin location l2 on l2.id = e.location_id\n                                    where discharge_timestamp is null\n                                      and location_id in (\n                                        select l.id\n                                        from location l\n                                        where site_id in (\n                                        select site_id\n                                        from user_permission up\n                                        where users_id = 2\n                                            and up.site_id = l.site_id)  )\n" rows_affected=7 rows_returned=7 elapsed=731µs elapsed_secs=0.000731
2026-08-29T17:22:23.787076Z DEBUG MapleEMR::dao::auth_dao: get_user_and_departments_at_current_user_sites()
2026-08-29T17:22:23.788075Z DEBUG sqlx::query: summary="select distinct u.id user_id, …" db.statement="\n\n\n                                                select distinct u.id user_id,\n                                                    d.name || ' ('|| u.name||')' \"name\",\n                                                    u.name \"user_name\"\n                                                from user_permission up\n                                                join users u on up.users_id = u.id\n                                                join department d on up.department_id = d.id\n                                                where up.active_flag = 'Y'\n                                                and site_id is not null\n\t\t\t\t\t\t\t\t\t\t\t\torder by  d.name || ' ('|| u.name||')'\n                                                \n" rows_affected=10 rows_returned=10 elapsed=583.6µs elapsed_secs=0.0005836
2026-08-29T17:22:23.788166Z DEBUG MapleEMR::dao::common_dao: get_common_reference()
2026-08-29T17:22:23.788904Z DEBUG sqlx::query: summary="SELECT id, name, description …" db.statement="\n\nSELECT id, name, description FROM common_reference_type WHERE ID = 9 LIMIT 1\n" rows_affected=1 rows_returned=1 elapsed=404.9µs elapsed_secs=0.0004049
2026-08-29T17:22:23.789004Z DEBUG MapleEMR::dao::common_dao: get_common_references()
2026-08-29T17:22:23.790078Z DEBUG sqlx::query: summary="select id, name, description …" db.statement="\n\nselect id, name, description from common_reference_type where group_id = 5 ORDER BY NAME\n" rows_affected=3 rows_returned=3 elapsed=595.4µs elapsed_secs=0.0005954
2026-08-29T17:22:23.790179Z DEBUG MapleEMR::dao::common_dao: get_common_references()
2026-08-29T17:22:23.790848Z DEBUG sqlx::query: summary="select id, name, description …" db.statement="\n\nselect id, name, description from common_reference_type where group_id = 2 ORDER BY NAME\n" rows_affected=6 rows_returned=6 elapsed=383.2µs elapsed_secs=0.0003832
2026-08-29T17:22:23.790907Z DEBUG MapleEMR::dao::common_dao: get_locations_for_user()
2026-08-29T17:22:23.791676Z DEBUG sqlx::query: summary="select id, name || …" db.statement="\n\n\n                                        select id, name || ' (' || short_name|| ')' from location\n                                        where active_flag = 'Y'\n                                        and site_id in (\n                                            select site_id\n                                            from user_permission\n                                            where users_id = 2\n                                                and active_flag = 'Y' )\n" rows_affected=34 rows_returned=34 elapsed=517.5µs elapsed_secs=0.0005175
2026-08-29T17:22:23.791738Z DEBUG MapleEMR::ui::common: > get_location_dropdown()
2026-08-29T17:22:23.791787Z DEBUG MapleEMR::ui::tile_factory: >get_modify_intervention_full_page_tile()
2026-08-29T17:22:23.791825Z DEBUG MapleEMR::ui::tile_factory:   Update existing Intervention
2026-08-29T17:22:23.791839Z DEBUG MapleEMR::ui::common: > get_dropdown_generic(users_id)
2026-08-29T17:22:23.791862Z DEBUG MapleEMR::ui::common: > get_dropdown_generic(status_id)
2026-08-29T17:22:23.791887Z DEBUG MapleEMR::ui::intervention_fmt: >get_view_only_intervention_details_list()
2026-08-29T17:22:24.650598Z DEBUG MapleEMR::route::intervention_route: -> Route Requested: /route_to_discharge_patient_save 
2026-08-29T17:22:24.650697Z DEBUG MapleEMR::dao::intervention_dao:   > upsert_intervention_from_intv_form (Intervention id=15)
2026-08-29T17:22:24.650764Z DEBUG MapleEMR::dao::intervention_dao:  >> Intervention Upsert query: 
    UPDATE INTERVENTION
    SET description='good, relatively speaking',
        notes='no universal theory',
        location_id=20,
        users_id=2,
        encounter_id=12,
        intervention_type_id=9,
        status_id=13, 
        scheduled_timestamp=to_timestamp('2026-Aug-22 17:02:11', 'YYYY-Mon-DD HH24:MI:SS'),
        performed_timestamp=to_timestamp('2026-Aug-22 17:02:11', 'YYYY-Mon-DD HH24:MI:SS')
    WHERE id=15 RETURNING ID;

2026-08-29T17:22:24.651917Z DEBUG sqlx::query: summary="UPDATE INTERVENTION SET description='good, …" db.statement="\n\n\n    UPDATE INTERVENTION\n    SET description='good, relatively speaking',\n        notes='no universal theory',\n        location_id=20,\n        users_id=2,\n        encounter_id=12,\n        intervention_type_id=9,\n        status_id=13, \n        scheduled_timestamp=to_timestamp('2026-Aug-22 17:02:11', 'YYYY-Mon-DD HH24:MI:SS'),\n        performed_timestamp=to_timestamp('2026-Aug-22 17:02:11', 'YYYY-Mon-DD HH24:MI:SS')\n    WHERE id=15 RETURNING ID;\n\n" rows_affected=1 rows_returned=1 elapsed=722.5µs elapsed_secs=0.0007225
2026-08-29T17:22:24.652051Z DEBUG MapleEMR::route::intervention_route:   >Intervention (id=15)] created/updated
2026-08-29T17:22:24.652071Z DEBUG MapleEMR::route::intervention_route: -> Route Requested: /intv  (add/modify)
2026-08-29T17:22:24.652143Z DEBUG MapleEMR::route::intervention_route:    Intervention exists: view existing Intervention
2026-08-29T17:22:24.653347Z DEBUG sqlx::query: summary="SELECT i.id intervention_id, encounter_id, …" db.statement="\n\nSELECT i.id intervention_id,\n                                                encounter_id,\n                                                i.description,\n                                                i.notes,\n                                                i.location_id,\n                                                users_id,\n                                                intervention_type_id,\n                                                status_id,\n                                                l.room_identifier,\n                                                ref1.name \"intervention_type\", \n                                                ref2.name \"status\",\n                                                i.scheduled_timestamp,\n                                                i.performed_timestamp,\n                                                e.patient_id\n                                            FROM intervention i\n                                            join encounter e ON e.id = i.encounter_id\n                                            join location l on  l.id = i.location_id\n                                            join common_reference_type ref1 on i.intervention_type_id = ref1.id\n                                            join common_reference_type ref2 on i.status_id = ref2.id \n                                            where i.id = 15\n                                              \n" rows_affected=1 rows_returned=1 elapsed=628.8µs elapsed_secs=0.0006288
2026-08-29T17:22:24.654634Z DEBUG sqlx::query: summary="SELECT i.id \"intervention_details_id\", value, …" db.statement="\n\n\n                                                    SELECT i.id \"intervention_details_id\", value, notes, entry_timestamp, ref1.name \"intervention_type\", intervention_id, type_id\n                                                        FROM intervention_details i\n                                                        JOIN common_reference_type ref1 on i.type_id = ref1.id \n                                                        WHERE i.intervention_id = 15\n                                                \n" rows_affected=0 rows_returned=0 elapsed=391.7µs elapsed_secs=0.0003917
2026-08-29T17:22:24.654715Z DEBUG MapleEMR::dao::intervention_dao: No intervention details found for intervention_id: 15 [0]
2026-08-29T17:22:24.654733Z DEBUG MapleEMR::dao::intervention_dao: get_interventions_details() Query: 
                                                    SELECT i.id "intervention_details_id", value, notes, entry_timestamp, ref1.name "intervention_type", intervention_id, type_id
                                                        FROM intervention_details i
                                                        JOIN common_reference_type ref1 on i.type_id = ref1.id 
                                                        WHERE i.intervention_id = 15
                                                
2026-08-29T17:22:24.654781Z DEBUG MapleEMR::dao::patient_dao: >get_patients_at_users_site_no_discharge() Query: SELECT p.id, e.id, e.location_id, legal_first_name, legal_last_name, COALESCE(legal_middle_names, '') as "legal_middle_names",
                                        COALESCE(admit_notes, '') as "admit_notes", COALESCE(discharge_notes, '') as "discharge_notes",
                                        birthdate, admit_timestamp,
                                        discharge_timestamp as "discharge_timestamp?",
                                        phn, l2.short_name "location_short_name"
                                    FROM patient p
                                    join encounter e on p.id = e.patient_id
									join location l2 on l2.id = e.location_id
                                    where discharge_timestamp is null
                                      and location_id in (
                                        select l.id
                                        from location l
                                        where site_id in (
                                        select site_id
                                        from user_permission up
                                        where users_id = 2
                                            and up.site_id = l.site_id)  )
2026-08-29T17:22:24.656205Z DEBUG sqlx::query: summary="SELECT p.id, e.id, e.location_id, …" db.statement="\n\nSELECT p.id, e.id, e.location_id, legal_first_name, legal_last_name, COALESCE(legal_middle_names, '') as \"legal_middle_names\",\n                                        COALESCE(admit_notes, '') as \"admit_notes\", COALESCE(discharge_notes, '') as \"discharge_notes\",\n                                        birthdate, admit_timestamp,\n                                        discharge_timestamp as \"discharge_timestamp?\",\n                                        phn, l2.short_name \"location_short_name\"\n                                    FROM patient p\n                                    join encounter e on p.id = e.patient_id\n\t\t\t\t\t\t\t\t\tjoin location l2 on l2.id = e.location_id\n                                    where discharge_timestamp is null\n                                      and location_id in (\n                                        select l.id\n                                        from location l\n                                        where site_id in (\n                                        select site_id\n                                        from user_permission up\n                                        where users_id = 2\n                                            and up.site_id = l.site_id)  )\n" rows_affected=7 rows_returned=7 elapsed=959.7µs elapsed_secs=0.0009597
2026-08-29T17:22:24.656348Z DEBUG MapleEMR::dao::auth_dao: get_user_and_departments_at_current_user_sites()
2026-08-29T17:22:24.657576Z DEBUG sqlx::query: summary="select distinct u.id user_id, …" db.statement="\n\n\n                                                select distinct u.id user_id,\n                                                    d.name || ' ('|| u.name||')' \"name\",\n                                                    u.name \"user_name\"\n                                                from user_permission up\n                                                join users u on up.users_id = u.id\n                                                join department d on up.department_id = d.id\n                                                where up.active_flag = 'Y'\n                                                and site_id is not null\n\t\t\t\t\t\t\t\t\t\t\t\torder by  d.name || ' ('|| u.name||')'\n                                                \n" rows_affected=10 rows_returned=10 elapsed=940.6µs elapsed_secs=0.0009406
2026-08-29T17:22:24.657686Z DEBUG MapleEMR::dao::common_dao: get_common_reference()
2026-08-29T17:22:24.658897Z DEBUG sqlx::query: summary="SELECT id, name, description …" db.statement="\n\nSELECT id, name, description FROM common_reference_type WHERE ID = 9 LIMIT 1\n" rows_affected=1 rows_returned=1 elapsed=485µs elapsed_secs=0.000485
2026-08-29T17:22:24.658988Z DEBUG MapleEMR::dao::common_dao: get_common_references()
2026-08-29T17:22:24.659701Z DEBUG sqlx::query: summary="select id, name, description …" db.statement="\n\nselect id, name, description from common_reference_type where group_id = 5 ORDER BY NAME\n" rows_affected=3 rows_returned=3 elapsed=376.4µs elapsed_secs=0.0003764
2026-08-29T17:22:24.659765Z DEBUG MapleEMR::dao::common_dao: get_common_references()
2026-08-29T17:22:24.665095Z DEBUG sqlx::query: summary="select id, name, description …" db.statement="\n\nselect id, name, description from common_reference_type where group_id = 2 ORDER BY NAME\n" rows_affected=6 rows_returned=6 elapsed=951.6µs elapsed_secs=0.0009516
2026-08-29T17:22:24.665224Z DEBUG MapleEMR::dao::common_dao: get_locations_for_user()
2026-08-29T17:22:24.667885Z DEBUG sqlx::query: summary="select id, name || …" db.statement="\n\n\n                                        select id, name || ' (' || short_name|| ')' from location\n                                        where active_flag = 'Y'\n                                        and site_id in (\n                                            select site_id\n                                            from user_permission\n                                            where users_id = 2\n                                                and active_flag = 'Y' )\n" rows_affected=34 rows_returned=34 elapsed=1.3298ms elapsed_secs=0.0013298
2026-08-29T17:22:24.668101Z DEBUG MapleEMR::ui::common: > get_location_dropdown()
2026-08-29T17:22:24.668178Z DEBUG MapleEMR::ui::tile_factory: >get_modify_intervention_full_page_tile()
2026-08-29T17:22:24.668235Z DEBUG MapleEMR::ui::tile_factory:   Update existing Intervention
2026-08-29T17:22:24.668253Z DEBUG MapleEMR::ui::common: > get_dropdown_generic(users_id)
2026-08-29T17:22:24.668281Z DEBUG MapleEMR::ui::common: > get_dropdown_generic(status_id)
2026-08-29T17:22:24.668330Z DEBUG MapleEMR::ui::intervention_fmt: >get_view_only_intervention_details_list()
2026-08-29T17:22:25.407682Z DEBUG MapleEMR::route::intervention_route: -> Route Requested: /route_to_discharge_patient_save 
2026-08-29T17:22:25.407794Z DEBUG MapleEMR::dao::intervention_dao:   > upsert_intervention_from_intv_form (Intervention id=15)
2026-08-29T17:22:25.407857Z DEBUG MapleEMR::dao::intervention_dao:  >> Intervention Upsert query: 
    UPDATE INTERVENTION
    SET description='good, relatively speaking',
        notes='no universal theory',
        location_id=20,
        users_id=2,
        encounter_id=12,
        intervention_type_id=9,
        status_id=13, 
        scheduled_timestamp=to_timestamp('2026-Aug-22 17:02:11', 'YYYY-Mon-DD HH24:MI:SS'),
        performed_timestamp=to_timestamp('2026-Aug-22 17:02:11', 'YYYY-Mon-DD HH24:MI:SS')
    WHERE id=15 RETURNING ID;

2026-08-29T17:22:25.409300Z DEBUG sqlx::query: summary="UPDATE INTERVENTION SET description='good, …" db.statement="\n\n\n    UPDATE INTERVENTION\n    SET description='good, relatively speaking',\n        notes='no universal theory',\n        location_id=20,\n        users_id=2,\n        encounter_id=12,\n        intervention_type_id=9,\n        status_id=13, \n        scheduled_timestamp=to_timestamp('2026-Aug-22 17:02:11', 'YYYY-Mon-DD HH24:MI:SS'),\n        performed_timestamp=to_timestamp('2026-Aug-22 17:02:11', 'YYYY-Mon-DD HH24:MI:SS')\n    WHERE id=15 RETURNING ID;\n\n" rows_affected=1 rows_returned=1 elapsed=953.2µs elapsed_secs=0.0009532
2026-08-29T17:22:25.409831Z DEBUG MapleEMR::route::intervention_route:   >Intervention (id=15)] created/updated
2026-08-29T17:22:25.412129Z DEBUG MapleEMR::route::intervention_route: -> Route Requested: /intv  (add/modify)
2026-08-29T17:22:25.412328Z DEBUG MapleEMR::route::intervention_route:    Intervention exists: view existing Intervention
2026-08-29T17:22:25.413149Z DEBUG sqlx::query: summary="SELECT i.id intervention_id, encounter_id, …" db.statement="\n\nSELECT i.id intervention_id,\n                                                encounter_id,\n                                                i.description,\n                                                i.notes,\n                                                i.location_id,\n                                                users_id,\n                                                intervention_type_id,\n                                                status_id,\n                                                l.room_identifier,\n                                                ref1.name \"intervention_type\", \n                                                ref2.name \"status\",\n                                                i.scheduled_timestamp,\n                                                i.performed_timestamp,\n                                                e.patient_id\n                                            FROM intervention i\n                                            join encounter e ON e.id = i.encounter_id\n                                            join location l on  l.id = i.location_id\n                                            join common_reference_type ref1 on i.intervention_type_id = ref1.id\n                                            join common_reference_type ref2 on i.status_id = ref2.id \n                                            where i.id = 15\n                                              \n" rows_affected=1 rows_returned=1 elapsed=397.4µs elapsed_secs=0.0003974
2026-08-29T17:22:25.414398Z DEBUG sqlx::query: summary="SELECT i.id \"intervention_details_id\", value, …" db.statement="\n\n\n                                                    SELECT i.id \"intervention_details_id\", value, notes, entry_timestamp, ref1.name \"intervention_type\", intervention_id, type_id\n                                                        FROM intervention_details i\n                                                        JOIN common_reference_type ref1 on i.type_id = ref1.id \n                                                        WHERE i.intervention_id = 15\n                                                \n" rows_affected=0 rows_returned=0 elapsed=353.8µs elapsed_secs=0.0003538
2026-08-29T17:22:25.414471Z DEBUG MapleEMR::dao::intervention_dao: No intervention details found for intervention_id: 15 [0]
2026-08-29T17:22:25.414489Z DEBUG MapleEMR::dao::intervention_dao: get_interventions_details() Query: 
                                                    SELECT i.id "intervention_details_id", value, notes, entry_timestamp, ref1.name "intervention_type", intervention_id, type_id
                                                        FROM intervention_details i
                                                        JOIN common_reference_type ref1 on i.type_id = ref1.id 
                                                        WHERE i.intervention_id = 15
                                                
2026-08-29T17:22:25.414544Z DEBUG MapleEMR::dao::patient_dao: >get_patients_at_users_site_no_discharge() Query: SELECT p.id, e.id, e.location_id, legal_first_name, legal_last_name, COALESCE(legal_middle_names, '') as "legal_middle_names",
                                        COALESCE(admit_notes, '') as "admit_notes", COALESCE(discharge_notes, '') as "discharge_notes",
                                        birthdate, admit_timestamp,
                                        discharge_timestamp as "discharge_timestamp?",
                                        phn, l2.short_name "location_short_name"
                                    FROM patient p
                                    join encounter e on p.id = e.patient_id
									join location l2 on l2.id = e.location_id
                                    where discharge_timestamp is null
                                      and location_id in (
                                        select l.id
                                        from location l
                                        where site_id in (
                                        select site_id
                                        from user_permission up
                                        where users_id = 2
                                            and up.site_id = l.site_id)  )
2026-08-29T17:22:25.416399Z DEBUG sqlx::query: summary="SELECT p.id, e.id, e.location_id, …" db.statement="\n\nSELECT p.id, e.id, e.location_id, legal_first_name, legal_last_name, COALESCE(legal_middle_names, '') as \"legal_middle_names\",\n                                        COALESCE(admit_notes, '') as \"admit_notes\", COALESCE(discharge_notes, '') as \"discharge_notes\",\n                                        birthdate, admit_timestamp,\n                                        discharge_timestamp as \"discharge_timestamp?\",\n                                        phn, l2.short_name \"location_short_name\"\n                                    FROM patient p\n                                    join encounter e on p.id = e.patient_id\n\t\t\t\t\t\t\t\t\tjoin location l2 on l2.id = e.location_id\n                                    where discharge_timestamp is null\n                                      and location_id in (\n                                        select l.id\n                                        from location l\n                                        where site_id in (\n                                        select site_id\n                                        from user_permission up\n                                        where users_id = 2\n                                            and up.site_id = l.site_id)  )\n" rows_affected=7 rows_returned=7 elapsed=1.2459ms elapsed_secs=0.0012459
2026-08-29T17:22:25.416602Z DEBUG MapleEMR::dao::auth_dao: get_user_and_departments_at_current_user_sites()
2026-08-29T17:22:25.417967Z DEBUG sqlx::query: summary="select distinct u.id user_id, …" db.statement="\n\n\n                                                select distinct u.id user_id,\n                                                    d.name || ' ('|| u.name||')' \"name\",\n                                                    u.name \"user_name\"\n                                                from user_permission up\n                                                join users u on up.users_id = u.id\n                                                join department d on up.department_id = d.id\n                                                where up.active_flag = 'Y'\n                                                and site_id is not null\n\t\t\t\t\t\t\t\t\t\t\t\torder by  d.name || ' ('|| u.name||')'\n                                                \n" rows_affected=10 rows_returned=10 elapsed=845.4µs elapsed_secs=0.0008454
2026-08-29T17:22:25.418075Z DEBUG MapleEMR::dao::common_dao: get_common_reference()
2026-08-29T17:22:25.419171Z DEBUG sqlx::query: summary="SELECT id, name, description …" db.statement="\n\nSELECT id, name, description FROM common_reference_type WHERE ID = 9 LIMIT 1\n" rows_affected=1 rows_returned=1 elapsed=585.4µs elapsed_secs=0.0005854
2026-08-29T17:22:25.419255Z DEBUG MapleEMR::dao::common_dao: get_common_references()
2026-08-29T17:22:25.419967Z DEBUG sqlx::query: summary="select id, name, description …" db.statement="\n\nselect id, name, description from common_reference_type where group_id = 5 ORDER BY NAME\n" rows_affected=3 rows_returned=3 elapsed=378.9µs elapsed_secs=0.0003789
2026-08-29T17:22:25.420024Z DEBUG MapleEMR::dao::common_dao: get_common_references()
2026-08-29T17:22:25.420586Z DEBUG sqlx::query: summary="select id, name, description …" db.statement="\n\nselect id, name, description from common_reference_type where group_id = 2 ORDER BY NAME\n" rows_affected=6 rows_returned=6 elapsed=312.8µs elapsed_secs=0.0003128
2026-08-29T17:22:25.420644Z DEBUG MapleEMR::dao::common_dao: get_locations_for_user()
2026-08-29T17:22:25.421368Z DEBUG sqlx::query: summary="select id, name || …" db.statement="\n\n\n                                        select id, name || ' (' || short_name|| ')' from location\n                                        where active_flag = 'Y'\n                                        and site_id in (\n                                            select site_id\n                                            from user_permission\n                                            where users_id = 2\n                                                and active_flag = 'Y' )\n" rows_affected=34 rows_returned=34 elapsed=472.3µs elapsed_secs=0.0004723
2026-08-29T17:22:25.421498Z DEBUG MapleEMR::ui::common: > get_location_dropdown()
2026-08-29T17:22:25.421550Z DEBUG MapleEMR::ui::tile_factory: >get_modify_intervention_full_page_tile()
2026-08-29T17:22:25.421587Z DEBUG MapleEMR::ui::tile_factory:   Update existing Intervention
2026-08-29T17:22:25.421601Z DEBUG MapleEMR::ui::common: > get_dropdown_generic(users_id)
2026-08-29T17:22:25.421625Z DEBUG MapleEMR::ui::common: > get_dropdown_generic(status_id)
2026-08-29T17:22:25.421649Z DEBUG MapleEMR::ui::intervention_fmt: >get_view_only_intervention_details_list()
2026-08-29T17:22:26.608934Z DEBUG MapleEMR::route::intervention_route: -> Route Requested: /route_to_discharge_patient_save 
2026-08-29T17:22:26.609061Z DEBUG MapleEMR::dao::intervention_dao:   > upsert_intervention_from_intv_form (Intervention id=15)
2026-08-29T17:22:26.609128Z DEBUG MapleEMR::dao::intervention_dao:  >> Intervention Upsert query: 
    UPDATE INTERVENTION
    SET description='good, relatively speaking',
        notes='no universal theory',
        location_id=20,
        users_id=2,
        encounter_id=12,
        intervention_type_id=9,
        status_id=13, 
        scheduled_timestamp=to_timestamp('2026-Aug-22 17:02:11', 'YYYY-Mon-DD HH24:MI:SS'),
        performed_timestamp=to_timestamp('2026-Aug-22 17:02:11', 'YYYY-Mon-DD HH24:MI:SS')
    WHERE id=15 RETURNING ID;

2026-08-29T17:22:26.610589Z DEBUG sqlx::query: summary="UPDATE INTERVENTION SET description='good, …" db.statement="\n\n\n    UPDATE INTERVENTION\n    SET description='good, relatively speaking',\n        notes='no universal theory',\n        location_id=20,\n        users_id=2,\n        encounter_id=12,\n        intervention_type_id=9,\n        status_id=13, \n        scheduled_timestamp=to_timestamp('2026-Aug-22 17:02:11', 'YYYY-Mon-DD HH24:MI:SS'),\n        performed_timestamp=to_timestamp('2026-Aug-22 17:02:11', 'YYYY-Mon-DD HH24:MI:SS')\n    WHERE id=15 RETURNING ID;\n\n" rows_affected=1 rows_returned=1 elapsed=1.111ms elapsed_secs=0.001111
2026-08-29T17:22:26.610686Z DEBUG MapleEMR::route::intervention_route:   >Intervention (id=15)] created/updated
2026-08-29T17:22:26.610707Z DEBUG MapleEMR::route::intervention_route: -> Route Requested: /intv  (add/modify)
2026-08-29T17:22:26.610788Z DEBUG MapleEMR::route::intervention_route:    Intervention exists: view existing Intervention
2026-08-29T17:22:26.615200Z DEBUG sqlx::query: summary="SELECT i.id intervention_id, encounter_id, …" db.statement="\n\nSELECT i.id intervention_id,\n                                                encounter_id,\n                                                i.description,\n                                                i.notes,\n                                                i.location_id,\n                                                users_id,\n                                                intervention_type_id,\n                                                status_id,\n                                                l.room_identifier,\n                                                ref1.name \"intervention_type\", \n                                                ref2.name \"status\",\n                                                i.scheduled_timestamp,\n                                                i.performed_timestamp,\n                                                e.patient_id\n                                            FROM intervention i\n                                            join encounter e ON e.id = i.encounter_id\n                                            join location l on  l.id = i.location_id\n                                            join common_reference_type ref1 on i.intervention_type_id = ref1.id\n                                            join common_reference_type ref2 on i.status_id = ref2.id \n                                            where i.id = 15\n                                              \n" rows_affected=1 rows_returned=1 elapsed=1.2436ms elapsed_secs=0.0012436
2026-08-29T17:22:26.618139Z DEBUG sqlx::query: summary="SELECT i.id \"intervention_details_id\", value, …" db.statement="\n\n\n                                                    SELECT i.id \"intervention_details_id\", value, notes, entry_timestamp, ref1.name \"intervention_type\", intervention_id, type_id\n                                                        FROM intervention_details i\n                                                        JOIN common_reference_type ref1 on i.type_id = ref1.id \n                                                        WHERE i.intervention_id = 15\n                                                \n" rows_affected=0 rows_returned=0 elapsed=717µs elapsed_secs=0.000717
2026-08-29T17:22:26.618233Z DEBUG MapleEMR::dao::intervention_dao: No intervention details found for intervention_id: 15 [0]
2026-08-29T17:22:26.618265Z DEBUG MapleEMR::dao::intervention_dao: get_interventions_details() Query: 
                                                    SELECT i.id "intervention_details_id", value, notes, entry_timestamp, ref1.name "intervention_type", intervention_id, type_id
                                                        FROM intervention_details i
                                                        JOIN common_reference_type ref1 on i.type_id = ref1.id 
                                                        WHERE i.intervention_id = 15
                                                
2026-08-29T17:22:26.618348Z DEBUG MapleEMR::dao::patient_dao: >get_patients_at_users_site_no_discharge() Query: SELECT p.id, e.id, e.location_id, legal_first_name, legal_last_name, COALESCE(legal_middle_names, '') as "legal_middle_names",
                                        COALESCE(admit_notes, '') as "admit_notes", COALESCE(discharge_notes, '') as "discharge_notes",
                                        birthdate, admit_timestamp,
                                        discharge_timestamp as "discharge_timestamp?",
                                        phn, l2.short_name "location_short_name"
                                    FROM patient p
                                    join encounter e on p.id = e.patient_id
									join location l2 on l2.id = e.location_id
                                    where discharge_timestamp is null
                                      and location_id in (
                                        select l.id
                                        from location l
                                        where site_id in (
                                        select site_id
                                        from user_permission up
                                        where users_id = 2
                                            and up.site_id = l.site_id)  )
2026-08-29T17:22:26.624896Z DEBUG sqlx::query: summary="SELECT p.id, e.id, e.location_id, …" db.statement="\n\nSELECT p.id, e.id, e.location_id, legal_first_name, legal_last_name, COALESCE(legal_middle_names, '') as \"legal_middle_names\",\n                                        COALESCE(admit_notes, '') as \"admit_notes\", COALESCE(discharge_notes, '') as \"discharge_notes\",\n                                        birthdate, admit_timestamp,\n                                        discharge_timestamp as \"discharge_timestamp?\",\n                                        phn, l2.short_name \"location_short_name\"\n                                    FROM patient p\n                                    join encounter e on p.id = e.patient_id\n\t\t\t\t\t\t\t\t\tjoin location l2 on l2.id = e.location_id\n                                    where discharge_timestamp is null\n                                      and location_id in (\n                                        select l.id\n                                        from location l\n                                        where site_id in (\n                                        select site_id\n                                        from user_permission up\n                                        where users_id = 2\n                                            and up.site_id = l.site_id)  )\n" rows_affected=7 rows_returned=7 elapsed=707.6µs elapsed_secs=0.0007076
2026-08-29T17:22:26.625017Z DEBUG MapleEMR::dao::auth_dao: get_user_and_departments_at_current_user_sites()
2026-08-29T17:22:26.625974Z DEBUG sqlx::query: summary="select distinct u.id user_id, …" db.statement="\n\n\n                                                select distinct u.id user_id,\n                                                    d.name || ' ('|| u.name||')' \"name\",\n                                                    u.name \"user_name\"\n                                                from user_permission up\n                                                join users u on up.users_id = u.id\n                                                join department d on up.department_id = d.id\n                                                where up.active_flag = 'Y'\n                                                and site_id is not null\n\t\t\t\t\t\t\t\t\t\t\t\torder by  d.name || ' ('|| u.name||')'\n                                                \n" rows_affected=10 rows_returned=10 elapsed=573µs elapsed_secs=0.000573
2026-08-29T17:22:26.626081Z DEBUG MapleEMR::dao::common_dao: get_common_reference()
2026-08-29T17:22:26.629046Z DEBUG sqlx::query: summary="SELECT id, name, description …" db.statement="\n\nSELECT id, name, description FROM common_reference_type WHERE ID = 9 LIMIT 1\n" rows_affected=1 rows_returned=1 elapsed=2.4965ms elapsed_secs=0.0024965
2026-08-29T17:22:26.629778Z DEBUG MapleEMR::dao::common_dao: get_common_references()
2026-08-29T17:22:26.635861Z DEBUG sqlx::query: summary="select id, name, description …" db.statement="\n\nselect id, name, description from common_reference_type where group_id = 5 ORDER BY NAME\n" rows_affected=3 rows_returned=3 elapsed=4.904ms elapsed_secs=0.004904
2026-08-29T17:22:26.636109Z DEBUG MapleEMR::dao::common_dao: get_common_references()
2026-08-29T17:22:26.638074Z DEBUG sqlx::query: summary="select id, name, description …" db.statement="\n\nselect id, name, description from common_reference_type where group_id = 2 ORDER BY NAME\n" rows_affected=6 rows_returned=6 elapsed=319µs elapsed_secs=0.000319
2026-08-29T17:22:26.638220Z DEBUG MapleEMR::dao::common_dao: get_locations_for_user()
2026-08-29T17:22:26.639380Z DEBUG sqlx::query: summary="select id, name || …" db.statement="\n\n\n                                        select id, name || ' (' || short_name|| ')' from location\n                                        where active_flag = 'Y'\n                                        and site_id in (\n                                            select site_id\n                                            from user_permission\n                                            where users_id = 2\n                                                and active_flag = 'Y' )\n" rows_affected=34 rows_returned=34 elapsed=813.1µs elapsed_secs=0.0008131
2026-08-29T17:22:26.639488Z DEBUG MapleEMR::ui::common: > get_location_dropdown()
2026-08-29T17:22:26.639571Z DEBUG MapleEMR::ui::tile_factory: >get_modify_intervention_full_page_tile()
2026-08-29T17:22:26.639728Z DEBUG MapleEMR::ui::tile_factory:   Update existing Intervention
2026-08-29T17:22:26.639747Z DEBUG MapleEMR::ui::common: > get_dropdown_generic(users_id)
2026-08-29T17:22:26.639774Z DEBUG MapleEMR::ui::common: > get_dropdown_generic(status_id)
2026-08-29T17:22:26.639799Z DEBUG MapleEMR::ui::intervention_fmt: >get_view_only_intervention_details_list()
2026-08-29T17:22:27.481800Z DEBUG MapleEMR::route::intervention_route: -> Route Requested: /route_to_discharge_patient_save 
2026-08-29T17:22:27.481896Z DEBUG MapleEMR::dao::intervention_dao:   > upsert_intervention_from_intv_form (Intervention id=15)
2026-08-29T17:22:27.481954Z DEBUG MapleEMR::dao::intervention_dao:  >> Intervention Upsert query: 
    UPDATE INTERVENTION
    SET description='good, relatively speaking',
        notes='no universal theory',
        location_id=20,
        users_id=2,
        encounter_id=12,
        intervention_type_id=9,
        status_id=13, 
        scheduled_timestamp=to_timestamp('2026-Aug-22 17:02:11', 'YYYY-Mon-DD HH24:MI:SS'),
        performed_timestamp=to_timestamp('2026-Aug-22 17:02:11', 'YYYY-Mon-DD HH24:MI:SS')
    WHERE id=15 RETURNING ID;

2026-08-29T17:22:27.483051Z DEBUG sqlx::query: summary="UPDATE INTERVENTION SET description='good, …" db.statement="\n\n\n    UPDATE INTERVENTION\n    SET description='good, relatively speaking',\n        notes='no universal theory',\n        location_id=20,\n        users_id=2,\n        encounter_id=12,\n        intervention_type_id=9,\n        status_id=13, \n        scheduled_timestamp=to_timestamp('2026-Aug-22 17:02:11', 'YYYY-Mon-DD HH24:MI:SS'),\n        performed_timestamp=to_timestamp('2026-Aug-22 17:02:11', 'YYYY-Mon-DD HH24:MI:SS')\n    WHERE id=15 RETURNING ID;\n\n" rows_affected=1 rows_returned=1 elapsed=650.5µs elapsed_secs=0.0006505
2026-08-29T17:22:27.483160Z DEBUG MapleEMR::route::intervention_route:   >Intervention (id=15)] created/updated
2026-08-29T17:22:27.483181Z DEBUG MapleEMR::route::intervention_route: -> Route Requested: /intv  (add/modify)
2026-08-29T17:22:27.483249Z DEBUG MapleEMR::route::intervention_route:    Intervention exists: view existing Intervention
2026-08-29T17:22:27.484588Z DEBUG sqlx::query: summary="SELECT i.id intervention_id, encounter_id, …" db.statement="\n\nSELECT i.id intervention_id,\n                                                encounter_id,\n                                                i.description,\n                                                i.notes,\n                                                i.location_id,\n                                                users_id,\n                                                intervention_type_id,\n                                                status_id,\n                                                l.room_identifier,\n                                                ref1.name \"intervention_type\", \n                                                ref2.name \"status\",\n                                                i.scheduled_timestamp,\n                                                i.performed_timestamp,\n                                                e.patient_id\n                                            FROM intervention i\n                                            join encounter e ON e.id = i.encounter_id\n                                            join location l on  l.id = i.location_id\n                                            join common_reference_type ref1 on i.intervention_type_id = ref1.id\n                                            join common_reference_type ref2 on i.status_id = ref2.id \n                                            where i.id = 15\n                                              \n" rows_affected=1 rows_returned=1 elapsed=609µs elapsed_secs=0.000609
2026-08-29T17:22:27.485949Z DEBUG sqlx::query: summary="SELECT i.id \"intervention_details_id\", value, …" db.statement="\n\n\n                                                    SELECT i.id \"intervention_details_id\", value, notes, entry_timestamp, ref1.name \"intervention_type\", intervention_id, type_id\n                                                        FROM intervention_details i\n                                                        JOIN common_reference_type ref1 on i.type_id = ref1.id \n                                                        WHERE i.intervention_id = 15\n                                                \n" rows_affected=0 rows_returned=0 elapsed=455.3µs elapsed_secs=0.0004553
2026-08-29T17:22:27.486109Z DEBUG MapleEMR::dao::intervention_dao: No intervention details found for intervention_id: 15 [0]
2026-08-29T17:22:27.486144Z DEBUG MapleEMR::dao::intervention_dao: get_interventions_details() Query: 
                                                    SELECT i.id "intervention_details_id", value, notes, entry_timestamp, ref1.name "intervention_type", intervention_id, type_id
                                                        FROM intervention_details i
                                                        JOIN common_reference_type ref1 on i.type_id = ref1.id 
                                                        WHERE i.intervention_id = 15
                                                
2026-08-29T17:22:27.486243Z DEBUG MapleEMR::dao::patient_dao: >get_patients_at_users_site_no_discharge() Query: SELECT p.id, e.id, e.location_id, legal_first_name, legal_last_name, COALESCE(legal_middle_names, '') as "legal_middle_names",
                                        COALESCE(admit_notes, '') as "admit_notes", COALESCE(discharge_notes, '') as "discharge_notes",
                                        birthdate, admit_timestamp,
                                        discharge_timestamp as "discharge_timestamp?",
                                        phn, l2.short_name "location_short_name"
                                    FROM patient p
                                    join encounter e on p.id = e.patient_id
									join location l2 on l2.id = e.location_id
                                    where discharge_timestamp is null
                                      and location_id in (
                                        select l.id
                                        from location l
                                        where site_id in (
                                        select site_id
                                        from user_permission up
                                        where users_id = 2
                                            and up.site_id = l.site_id)  )
2026-08-29T17:22:27.487695Z DEBUG sqlx::query: summary="SELECT p.id, e.id, e.location_id, …" db.statement="\n\nSELECT p.id, e.id, e.location_id, legal_first_name, legal_last_name, COALESCE(legal_middle_names, '') as \"legal_middle_names\",\n                                        COALESCE(admit_notes, '') as \"admit_notes\", COALESCE(discharge_notes, '') as \"discharge_notes\",\n                                        birthdate, admit_timestamp,\n                                        discharge_timestamp as \"discharge_timestamp?\",\n                                        phn, l2.short_name \"location_short_name\"\n                                    FROM patient p\n                                    join encounter e on p.id = e.patient_id\n\t\t\t\t\t\t\t\t\tjoin location l2 on l2.id = e.location_id\n                                    where discharge_timestamp is null\n                                      and location_id in (\n                                        select l.id\n                                        from location l\n                                        where site_id in (\n                                        select site_id\n                                        from user_permission up\n                                        where users_id = 2\n                                            and up.site_id = l.site_id)  )\n" rows_affected=7 rows_returned=7 elapsed=958.5µs elapsed_secs=0.0009585
2026-08-29T17:22:27.487877Z DEBUG MapleEMR::dao::auth_dao: get_user_and_departments_at_current_user_sites()
2026-08-29T17:22:27.489445Z DEBUG sqlx::query: summary="select distinct u.id user_id, …" db.statement="\n\n\n                                                select distinct u.id user_id,\n                                                    d.name || ' ('|| u.name||')' \"name\",\n                                                    u.name \"user_name\"\n                                                from user_permission up\n                                                join users u on up.users_id = u.id\n                                                join department d on up.department_id = d.id\n                                                where up.active_flag = 'Y'\n                                                and site_id is not null\n\t\t\t\t\t\t\t\t\t\t\t\torder by  d.name || ' ('|| u.name||')'\n                                                \n" rows_affected=10 rows_returned=10 elapsed=1.0112ms elapsed_secs=0.0010112
2026-08-29T17:22:27.489595Z DEBUG MapleEMR::dao::common_dao: get_common_reference()
2026-08-29T17:22:27.490604Z DEBUG sqlx::query: summary="SELECT id, name, description …" db.statement="\n\nSELECT id, name, description FROM common_reference_type WHERE ID = 9 LIMIT 1\n" rows_affected=1 rows_returned=1 elapsed=357.3µs elapsed_secs=0.0003573
2026-08-29T17:22:27.490682Z DEBUG MapleEMR::dao::common_dao: get_common_references()
2026-08-29T17:22:27.491401Z DEBUG sqlx::query: summary="select id, name, description …" db.statement="\n\nselect id, name, description from common_reference_type where group_id = 5 ORDER BY NAME\n" rows_affected=3 rows_returned=3 elapsed=420.1µs elapsed_secs=0.0004201
2026-08-29T17:22:27.491453Z DEBUG MapleEMR::dao::common_dao: get_common_references()
2026-08-29T17:22:27.492104Z DEBUG sqlx::query: summary="select id, name, description …" db.statement="\n\nselect id, name, description from common_reference_type where group_id = 2 ORDER BY NAME\n" rows_affected=6 rows_returned=6 elapsed=338.9µs elapsed_secs=0.0003389
2026-08-29T17:22:27.492154Z DEBUG MapleEMR::dao::common_dao: get_locations_for_user()
2026-08-29T17:22:27.493012Z DEBUG sqlx::query: summary="select id, name || …" db.statement="\n\n\n                                        select id, name || ' (' || short_name|| ')' from location\n                                        where active_flag = 'Y'\n                                        and site_id in (\n                                            select site_id\n                                            from user_permission\n                                            where users_id = 2\n                                                and active_flag = 'Y' )\n" rows_affected=34 rows_returned=34 elapsed=564.2µs elapsed_secs=0.0005642
2026-08-29T17:22:27.493103Z DEBUG MapleEMR::ui::common: > get_location_dropdown()
2026-08-29T17:22:27.493151Z DEBUG MapleEMR::ui::tile_factory: >get_modify_intervention_full_page_tile()
2026-08-29T17:22:27.493186Z DEBUG MapleEMR::ui::tile_factory:   Update existing Intervention
2026-08-29T17:22:27.493200Z DEBUG MapleEMR::ui::common: > get_dropdown_generic(users_id)
2026-08-29T17:22:27.493223Z DEBUG MapleEMR::ui::common: > get_dropdown_generic(status_id)
2026-08-29T17:22:27.493247Z DEBUG MapleEMR::ui::intervention_fmt: >get_view_only_intervention_details_list()
2026-08-29T17:29:31.727834Z  INFO actix_server::server: SIGINT received; starting forced shutdown
2026-08-29T17:29:31.727998Z DEBUG actix_server::accept: paused accepting connections on 127.0.0.1:8000
2026-08-29T17:29:31.728031Z  INFO actix_server::accept: accept thread stopped
2026-08-29T17:29:31.728196Z  INFO actix_server::worker: shutting down idle worker
2026-08-29T17:29:31.728268Z  INFO actix_server::worker: shutting down idle worker
2026-08-29T17:29:31.728288Z  INFO actix_server::worker: shutting down idle worker
2026-08-29T17:29:31.728400Z  INFO actix_server::worker: shutting down idle worker
